LastName,FirstName,Position,Team(s),FirstTeam,FirstTeamDiv,LastTeam,LastTeamDiv,Status,Salary,CapHit
Carlo,Brandon,D,BOS,BOS,Atlantic,BOS,Atlantic,RFA,717500,789167
Chara,Zdeno,D,BOS,BOS,Atlantic,BOS,Atlantic,UFA,5000000,6916667
Grzelcyk,Matt,D,BOS,BOS,Atlantic,BOS,Atlantic,RFA,792500,858750
Krug,Torey,D,BOS,BOS,Atlantic,BOS,Atlantic,UFA,5000000,5250000
Liles,John-Michael,D,BOS,BOS,Atlantic,BOS,Atlantic,UFA,2000000,2000000
Mcquaid,Adam,D,BOS,BOS,Atlantic,BOS,Atlantic,UFA,3000000,2750000
Miller,Colin,D,BOS,BOS,Atlantic,BOS,Atlantic,RFA,900000,1000000
Miller,Kevan,D,BOS,BOS,Atlantic,BOS,Atlantic,UFA,2500000,2500000
Morrow,Joe,D,BOS,BOS,Atlantic,BOS,Atlantic,RFA,800000,800000
O'Gara,Rob,D,BOS,BOS,Atlantic,BOS,Atlantic,RFA,925000,925000
Acciari,Noel,F,BOS,BOS,Atlantic,BOS,Atlantic,RFA,892500,792500
Backes,David,F,BOS,BOS,Atlantic,BOS,Atlantic,UFA,8000000,6000000
Beleskey,Matt,F,BOS,BOS,Atlantic,BOS,Atlantic,UFA,4000000,3800000
Bergeron,Patrice,F,BOS,BOS,Atlantic,BOS,Atlantic,UFA,8750000,6875000
Blidh,Anton,F,BOS,BOS,Atlantic,BOS,Atlantic,RFA,792500,784167
Cehlarik,Peter,F,BOS,BOS,Atlantic,BOS,Atlantic,RFA,692500,742500
Czarnik,Austin,F,BOS,BOS,Atlantic,BOS,Atlantic,RFA,842500,817500
Forsbacka Karlsson,Jakob,F,BOS,BOS,Atlantic,BOS,Atlantic,RFA,900000,916667
Hayes,Jimmy,F,BOS,BOS,Atlantic,BOS,Atlantic,UFA,2300000,2300000
Heinen,Danton,F,BOS,BOS,Atlantic,BOS,Atlantic,RFA,767500,872500
Krejci,David,F,BOS,BOS,Atlantic,BOS,Atlantic,UFA,7250000,7250000
Kuraly,Sean,F,BOS,BOS,Atlantic,BOS,Atlantic,RFA,692500,808750
Marchand,Brad,F,BOS,BOS,Atlantic,BOS,Atlantic,UFA,5000000,4500000
Moore,Dominic,F,BOS,BOS,Atlantic,BOS,Atlantic,UFA,900000,900000
Nash,Riley,F,BOS,BOS,Atlantic,BOS,Atlantic,UFA,900000,900000
Pastrnak,David,F,BOS,BOS,Atlantic,BOS,Atlantic,RFA,925000,925000
Schaller,Tim,F,BOS,BOS,Atlantic,BOS,Atlantic,RFA,600000,600000
Spooner,Ryan,F,BOS,BOS,Atlantic,BOS,Atlantic,RFA,1100000,950000
Stafford,Drew,F,BOS/WPG,BOS,Atlantic,WPG,Central,UFA,4350000,4350000
Vatrano,Frank,F,BOS,BOS,Atlantic,BOS,Atlantic,RFA,792500,792500
Khudobin,Anton,G,BOS,BOS,Atlantic,BOS,Atlantic,UFA,1200000,1200000
McIntyre,Zane,G,BOS,BOS,Atlantic,BOS,Atlantic,RFA,925000,925000
Rask,Tuukka,G,BOS,BOS,Atlantic,BOS,Atlantic,UFA,7500000,7000000
Subban,Malcolm,G,BOS,BOS,Atlantic,BOS,Atlantic,RFA,832500,863333
Austin,Brady,D,BUF,BUF,Atlantic,BUF,Atlantic,RFA,635000,626667
Bogosian,Zach,D,BUF,BUF,Atlantic,BUF,Atlantic,UFA,5250000,5142857
Burgdoerfer,Erik,D,BUF,BUF,Atlantic,BUF,Atlantic,UFA,575000,575000
Falk,Justin,D,BUF,BUF,Atlantic,BUF,Atlantic,UFA,650000,650000
Fedun,Taylor,D,BUF,BUF,Atlantic,BUF,Atlantic,UFA,600000,600000
Franson,Cody,D,BUF,BUF,Atlantic,BUF,Atlantic,UFA,2650000,3325000
Gorges,Josh,D,BUF,BUF,Atlantic,BUF,Atlantic,UFA,3900000,3900000
Guhle,Brendan,D,BUF,BUF,Atlantic,BUF,Atlantic,RFA,667500,703333
Kulikov,Dmitry,D,BUF,BUF,Atlantic,BUF,Atlantic,UFA,4500000,4333333
McCabe,Jake,D,BUF,BUF,Atlantic,BUF,Atlantic,RFA,1250000,1600000
Nelson,Casey,D,BUF,BUF,Atlantic,BUF,Atlantic,RFA,650000,650000
Ristolainen,Rasmus,D,BUF,BUF,Atlantic,BUF,Atlantic,UFA,5400000,5400000
Bailey,Justin,F,BUF,BUF,Atlantic,BUF,Atlantic,RFA,692500,670000
Baptiste,Nicholas,F,BUF,BUF,Atlantic,BUF,Atlantic,RFA,740000,718333
Carrier,William,F,BUF,BUF,Atlantic,BUF,Atlantic,RFA,650000,689167
Deslauriers,Nicolas,F,BUF,BUF,Atlantic,BUF,Atlantic,UFA,775000,775000
Eichel,Jack,F,BUF,BUF,Atlantic,BUF,Atlantic,RFA,925000,925000
Ennis,Tyler,F,BUF,BUF,Atlantic,BUF,Atlantic,UFA,3650000,4600000
Fasching,Hudson,F,BUF,BUF,Atlantic,BUF,Atlantic,RFA,925000,925000
Foligno,Marcus,F,BUF,BUF,Atlantic,BUF,Atlantic,RFA,2250000,2250000
Gionta,Brian,F,BUF,BUF,Atlantic,BUF,Atlantic,UFA,3250000,4250000
Girgensons,Zemgus,F,BUF,BUF,Atlantic,BUF,Atlantic,RFA,1150000,1150000
Grant,Derek,F,BUF/NSH,BUF,Atlantic,NSH,Central,UFA,650000,650000
Kane,Evander,F,BUF,BUF,Atlantic,BUF,Atlantic,UFA,6000000,5250000
Larsson,Johan,F,BUF,BUF,Atlantic,BUF,Atlantic,RFA,950000,950000
Malone,Sean,F,BUF,BUF,Atlantic,BUF,Atlantic,RFA,925000,883750
Moulson,Matt,F,BUF,BUF,Atlantic,BUF,Atlantic,UFA,5000000,5000000
Nylander,Alex,F,BUF,BUF,Atlantic,BUF,Atlantic,RFA,925000,925000
Okposo,Kyle,F,BUF,BUF,Atlantic,BUF,Atlantic,UFA,8000000,6000000
O'Reilly,Cal,F,BUF,BUF,Atlantic,BUF,Atlantic,UFA,700000,700000
O'Reilly,Ryan,F,BUF,BUF,Atlantic,BUF,Atlantic,UFA,11000000,7500000
Reinhart,Sam,F,BUF,BUF,Atlantic,BUF,Atlantic,RFA,925000,894167
Rodrigues,Evan,F,BUF,BUF,Atlantic,BUF,Atlantic,RFA,842500,842500
Schneider,Cole,F,BUF,BUF,Atlantic,BUF,Atlantic,UFA,600000,600000
Lehner,Robin,G,BUF,BUF,Atlantic,BUF,Atlantic,RFA,3150000,2225000
Nilsson,Anders,G,BUF,BUF,Atlantic,BUF,Atlantic,UFA,1000000,1000000
Ullmark,Linus,G,BUF,BUF,Atlantic,BUF,Atlantic,RFA,892500,775833
DeKeyser,Danny,D,DET,DET,Atlantic,DET,Atlantic,UFA,4000000,5000000
Ericsson,Jonathan,D,DET,DET,Atlantic,DET,Atlantic,UFA,4250000,4250000
Green,Mike,D,DET,DET,Atlantic,DET,Atlantic,UFA,6000000,6000000
Jensen,Nick,D,DET,DET,Atlantic,DET,Atlantic,UFA,600000,587500
Kronwall,Niklas,D,DET,DET,Atlantic,DET,Atlantic,UFA,5500000,4750000
Lashoff,Brian,D,DET,DET,Atlantic,DET,Atlantic,RFA,650000,650000
Marchenko,Alexey,D,DET/TOR,DET,Atlantic,TOR,Atlantic,RFA,1300000,1450000
Ouellet,Xavier,D,DET,DET,Atlantic,DET,Atlantic,RFA,715000,715000
Renouf,Dan,D,DET,DET,Atlantic,DET,Atlantic,RFA,692500,767500
Russo,Robbie,D,DET,DET,Atlantic,DET,Atlantic,RFA,692500,680000
Smith,Brendan,D,DET/NYR,DET,Atlantic,NYR,Metropolitan,UFA,3250000,2750000
Sproul,Ryan,D,DET,DET,Atlantic,DET,Atlantic,RFA,600000,625000
Abdelkader,Justin,F,DET,DET,Atlantic,DET,Atlantic,UFA,5500000,4250000
Athanasiou,Andreas,F,DET,DET,Atlantic,DET,Atlantic,RFA,575000,628333
Bertuzzi,Tyler,F,DET,DET,Atlantic,DET,Atlantic,RFA,667500,661667
Callahan,Mitch,F,DET,DET,Atlantic,DET,Atlantic,UFA,600000,600000
Glendening,Luke,F,DET,DET,Atlantic,DET,Atlantic,UFA,675000,628333
Helm,Darren,F,DET,DET,Atlantic,DET,Atlantic,UFA,5000000,3850000
Larkin,Dylan,F,DET,DET,Atlantic,DET,Atlantic,RFA,925000,925000
Mantha,Anthony,F,DET,DET,Atlantic,DET,Atlantic,RFA,832500,863333
Miller,Drew,F,DET,DET,Atlantic,DET,Atlantic,UFA,1025000,1025000
Nielsen,Frans,F,DET,DET,Atlantic,DET,Atlantic,UFA,6000000,5250000
Nosek,Tomas,F,DET,DET,Atlantic,DET,Atlantic,RFA,575000,612500
Nyquist,Gustav,F,DET,DET,Atlantic,DET,Atlantic,UFA,4250000,4750000
Ott,Steve,F,DET/MTL,DET,Atlantic,MTL,Atlantic,UFA,800000,800000
Sheahan,Riley,F,DET,DET,Atlantic,DET,Atlantic,RFA,2075000,2075000
Street,Ben,F,DET,DET,Atlantic,DET,Atlantic,UFA,600000,600000
Svechnikov,Evgeny,F,DET,DET,Atlantic,DET,Atlantic,RFA,925000,894167
Tatar,Tomas,F,DET,DET,Atlantic,DET,Atlantic,RFA,2750000,2750000
Vanek,Thomas,F,DET/FLA,DET,Atlantic,FLA,Atlantic,UFA,2600000,2600000
Zetterberg,Henrik,F,DET,DET,Atlantic,DET,Atlantic,UFA,7500000,6083333
Coreau,Jared,G,DET,DET,Atlantic,DET,Atlantic,RFA,575000,612500
Howard,Jimmy,G,DET,DET,Atlantic,DET,Atlantic,UFA,5500000,5291667
Mrazek,Petr,G,DET,DET,Atlantic,DET,Atlantic,RFA,3850000,4000000
Demers,Jason,D,FLA,FLA,Atlantic,FLA,Atlantic,UFA,5500000,4500000
Ekblad,Aaron,D,FLA,FLA,Atlantic,FLA,Atlantic,UFA,925000,925000
Kampfer,Steven,D,FLA/NYR,FLA,Atlantic,NYR,Metropolitan,UFA,625000,612500
Kindl,Jakub,D,FLA,FLA,Atlantic,FLA,Atlantic,UFA,3000000,2400000
Matheson,Michael,D,FLA,FLA,Atlantic,FLA,Atlantic,RFA,925000,925000
McCoshen,Ian,D,FLA,FLA,Atlantic,FLA,Atlantic,RFA,925000,925000
McIlrath,Dylan,D,FLA/NYR,FLA,Atlantic,NYR,Metropolitan,UFA,800000,800000
Petrovic,Alex,D,FLA,FLA,Atlantic,FLA,Atlantic,RFA,1200000,1050000
Pysyk,Mark,D,FLA,FLA,Atlantic,FLA,Atlantic,RFA,1250000,1125000
Weegar,Mackenzie,D,FLA,FLA,Atlantic,FLA,Atlantic,RFA,705000,680000
Yandle,Keith,D,FLA,FLA,Atlantic,FLA,Atlantic,UFA,7500000,6350000
Barkov,Aleksander,F,FLA,FLA,Atlantic,FLA,Atlantic,UFA,4500000,5900000
Bjugstad,Nick,F,FLA,FLA,Atlantic,FLA,Atlantic,UFA,3350000,4100000
Griffith,Seth,F,FLA/TOR,FLA,Atlantic,TOR,Atlantic,RFA,625000,625000
Harper,Shane,F,FLA,FLA,Atlantic,FLA,Atlantic,UFA,650000,650000
Huberdeau,Jonathan,F,FLA,FLA,Atlantic,FLA,Atlantic,UFA,4000000,3250000
Jagr,Jaromir,F,FLA,FLA,Atlantic,FLA,Atlantic,UFA,4000000,4000000
Jokinen,Jussi,F,FLA,FLA,Atlantic,FLA,Atlantic,UFA,4000000,4000000
MacKenzie,Derek,F,FLA,FLA,Atlantic,FLA,Atlantic,UFA,1300000,1300000
Malgin,Denis,F,FLA,FLA,Atlantic,FLA,Atlantic,RFA,640000,690000
Marchessault,Jonathan,F,FLA,FLA,Atlantic,FLA,Atlantic,UFA,750000,750000
McCann,Jared,F,FLA,FLA,Atlantic,FLA,Atlantic,RFA,925000,894167
McKegg,Greg,F,FLA/TBL,FLA,Atlantic,TBL,Atlantic,UFA,700000,700000
Rau,Kyle,F,FLA,FLA,Atlantic,FLA,Atlantic,RFA,925000,858750
Sceviour,Colton,F,FLA,FLA,Atlantic,FLA,Atlantic,UFA,950000,950000
Smith,Reilly,F,FLA,FLA,Atlantic,FLA,Atlantic,UFA,3500000,3425000
Thompson,Paul,F,FLA,FLA,Atlantic,FLA,Atlantic,UFA,575000,575000
Trocheck,Vincent,F,FLA,FLA,Atlantic,FLA,Atlantic,UFA,3750000,4750000
Berra,Reto,G,FLA,FLA,Atlantic,FLA,Atlantic,UFA,1500000,1450000
Luongo,Roberto,G,FLA,FLA,Atlantic,FLA,Atlantic,UFA,6714000,5333333
Reimer,James,G,FLA,FLA,Atlantic,FLA,Atlantic,UFA,4500000,3400000
Beaulieu,Nathan,D,MTL,MTL,Atlantic,MTL,Atlantic,RFA,1000000,1000000
Emelin,Alexei,D,MTL,MTL,Atlantic,MTL,Atlantic,UFA,4200000,4100000
Hanley,Joel,D,MTL,MTL,Atlantic,MTL,Atlantic,RFA,600000,600000
Johnston,Ryan,D,MTL,MTL,Atlantic,MTL,Atlantic,RFA,692500,680000
Lernout,Brett,D,MTL,MTL,Atlantic,MTL,Atlantic,RFA,660000,653333
Markov,Andrei,D,MTL,MTL,Atlantic,MTL,Atlantic,UFA,4250000,5750000
Nesterov,Nikita,D,MTL/TBL,MTL,Atlantic,TBL,Atlantic,RFA,725000,725000
Petry,Jeff,D,MTL,MTL,Atlantic,MTL,Atlantic,UFA,7000000,5500000
Redmond,Zach,D,MTL,MTL,Atlantic,MTL,Atlantic,UFA,575000,612500
Sergachev,Mikhail,D,MTL,MTL,Atlantic,MTL,Atlantic,RFA,925000,925000
Weber,Shea,D,MTL,MTL,Atlantic,MTL,Atlantic,UFA,12000000,7857143
Byron,Paul,F,MTL,MTL,Atlantic,MTL,Atlantic,UFA,1300000,1166667
Carr,Daniel,F,MTL,MTL,Atlantic,MTL,Atlantic,RFA,725000,725000
Danault,Phillip,F,MTL,MTL,Atlantic,MTL,Atlantic,RFA,875000,912500
De la Rose,Jacob,F,MTL,MTL,Atlantic,MTL,Atlantic,RFA,925000,925000
Farnham,Bobby,F,MTL,MTL,Atlantic,MTL,Atlantic,UFA,575000,575000
Flynn,Brian,F,MTL,MTL,Atlantic,MTL,Atlantic,UFA,950000,950000
Galchenyuk,Alex,F,MTL,MTL,Atlantic,MTL,Atlantic,RFA,3100000,2800000
Gallagher,Brendan,F,MTL,MTL,Atlantic,MTL,Atlantic,UFA,4500000,3750000
Hudon,Charles,F,MTL,MTL,Atlantic,MTL,Atlantic,RFA,575000,625000
Lehkonen,Artturi,F,MTL,MTL,Atlantic,MTL,Atlantic,RFA,667500,839167
McCarron,Michael,F,MTL,MTL,Atlantic,MTL,Atlantic,RFA,832500,863333
Mitchell,Torrey,F,MTL,MTL,Atlantic,MTL,Atlantic,UFA,1300000,1200000
Pacioretty,Max,F,MTL,MTL,Atlantic,MTL,Atlantic,UFA,5000000,4500000
Plekanec,Tomas,F,MTL,MTL,Atlantic,MTL,Atlantic,UFA,7000000,6000000
Radulov,Alex,F,MTL,MTL,Atlantic,MTL,Atlantic,UFA,5750000,5750000
Scherbak,Nikita,F,MTL,MTL,Atlantic,MTL,Atlantic,RFA,925000,863333
Shaw,Andrew,F,MTL,MTL,Atlantic,MTL,Atlantic,UFA,5500000,3900000
Terry,Chris,F,MTL,MTL,Atlantic,MTL,Atlantic,UFA,600000,600000
Lindgren,Charlie,G,MTL,MTL,Atlantic,MTL,Atlantic,RFA,925000,925000
Montoya,Al,G,MTL,MTL,Atlantic,MTL,Atlantic,UFA,950000,950000
Price,Carey,G,MTL,MTL,Atlantic,MTL,Atlantic,UFA,7000000,6500000
Borowiecki,Mark,D,OTT,OTT,Atlantic,OTT,Atlantic,UFA,1100000,1100000
Ceci,Cody,D,OTT,OTT,Atlantic,OTT,Atlantic,RFA,2250000,2800000
Chabot,Thomas,D,OTT,OTT,Atlantic,OTT,Atlantic,RFA,925000,894167
Claesson,Fredrik,D,OTT,OTT,Atlantic,OTT,Atlantic,RFA,700000,700000
Englund,Andreas,D,OTT,OTT,Atlantic,OTT,Atlantic,RFA,742500,775833
Harpur,Ben,D,OTT,OTT,Atlantic,OTT,Atlantic,RFA,655000,653333
Karlsson,Erik,D,OTT,OTT,Atlantic,OTT,Atlantic,UFA,7000000,6500000
Methot,Marc,D,OTT,OTT,Atlantic,OTT,Atlantic,UFA,4900000,4900000
Phaneuf,Dion,D,OTT,OTT,Atlantic,OTT,Atlantic,UFA,7500000,7000000
White,Colin,D,OTT,OTT,Atlantic,OTT,Atlantic,RFA,925000,925000
Wideman,Chris,D,OTT,OTT,Atlantic,OTT,Atlantic,UFA,800000,800000
Bailey,Casey,F,OTT,OTT,Atlantic,OTT,Atlantic,UFA,874125,874125
Blunden,Mike,F,OTT,OTT,Atlantic,OTT,Atlantic,UFA,725000,737500
Brassard,Derick,F,OTT,OTT,Atlantic,OTT,Atlantic,UFA,5000000,5000000
Burrows,Alex,F,OTT/VAN,OTT,Atlantic,VAN,Pacific,UFA,3000000,4500000
Didomenico,Chris,F,OTT,OTT,Atlantic,OTT,Atlantic,UFA,575000,612500
Dzingel,Ryan,F,OTT,OTT,Atlantic,OTT,Atlantic,RFA,750000,750000
Hoffman,Mike,F,OTT,OTT,Atlantic,OTT,Atlantic,UFA,3800000,5187500
Kelly,Chris,F,OTT,OTT,Atlantic,OTT,Atlantic,UFA,900000,900000
MacArthur,Clarke,F,OTT,OTT,Atlantic,OTT,Atlantic,UFA,4500000,4650000
McCormick,Max,F,OTT,OTT,Atlantic,OTT,Atlantic,UFA,650000,650000
Neil,Chris,F,OTT,OTT,Atlantic,OTT,Atlantic,UFA,1500000,1500000
Pageau,Jean-Gabriel,F,OTT,OTT,Atlantic,OTT,Atlantic,RFA,1100000,900000
Paul,Nick,F,OTT,OTT,Atlantic,OTT,Atlantic,RFA,692500,670000
Pyatt,Tom,F,OTT,OTT,Atlantic,OTT,Atlantic,UFA,800000,800000
Robinson,Buddy,F,OTT,OTT,Atlantic,OTT,Atlantic,UFA,750000,750000
Ryan,Bobby,F,OTT,OTT,Atlantic,OTT,Atlantic,UFA,7000000,7250000
Smith,Zack,F,OTT,OTT,Atlantic,OTT,Atlantic,UFA,2350000,1887500
Stone,Mark,F,OTT,OTT,Atlantic,OTT,Atlantic,RFA,3750000,3500000
Turris,Kyle,F,OTT,OTT,Atlantic,OTT,Atlantic,UFA,4000000,3500000
Varone,Phil,F,OTT,OTT,Atlantic,OTT,Atlantic,UFA,700000,700000
Wingels,Tommy,F,OTT/SJS,OTT,Atlantic,SJS,Pacific,UFA,2600000,2475000
Anderson,Craig,G,OTT,OTT,Atlantic,OTT,Atlantic,UFA,4750000,4200000
Driedger,Chris,G,OTT,OTT,Atlantic,OTT,Atlantic,RFA,780000,755000
Hammond,Andrew,G,OTT,OTT,Atlantic,OTT,Atlantic,UFA,1350000,1350000
Coburn,Braydon,D,TBL,TBL,Atlantic,TBL,Atlantic,UFA,3700000,3700000
Dotchin,Jake,D,TBL,TBL,Atlantic,TBL,Atlantic,RFA,615000,616667
Garrison,Jason,D,TBL,TBL,Atlantic,TBL,Atlantic,UFA,3600000,4600000
Hedman,Victor,D,TBL,TBL,Atlantic,TBL,Atlantic,UFA,4250000,4000000
Koekkoek,Slater,D,TBL,TBL,Atlantic,TBL,Atlantic,RFA,832500,894167
Stralman,Anton,D,TBL,TBL,Atlantic,TBL,Atlantic,UFA,4500000,4500000
Sustr,Andrej,D,TBL,TBL,Atlantic,TBL,Atlantic,RFA,1600000,1450000
Witkowski,Luke,D,TBL,TBL,Atlantic,TBL,Atlantic,UFA,575000,575000
Bournival,Michael,F,TBL,TBL,Atlantic,TBL,Atlantic,RFA,575000,575000
Boyle,Brian,F,TBL/TOR,TBL,Atlantic,TOR,Atlantic,UFA,2000000,2000000
Brown,J.T.,F,TBL,TBL,Atlantic,TBL,Atlantic,UFA,1250000,1250000
Callahan,Ryan,F,TBL,TBL,Atlantic,TBL,Atlantic,UFA,6500000,5800000
Conacher,Cory,F,TBL,TBL,Atlantic,TBL,Atlantic,UFA,575000,575000
Condra,Erik,F,TBL,TBL,Atlantic,TBL,Atlantic,UFA,1250000,1250000
Drouin,Jonathan,F,TBL,TBL,Atlantic,TBL,Atlantic,RFA,832500,894167
Dumont,Gabriel,F,TBL,TBL,Atlantic,TBL,Atlantic,UFA,575000,575000
Erne,Adam,F,TBL,TBL,Atlantic,TBL,Atlantic,RFA,925000,874167
Froese,Byron,F,TBL/TOR,TBL,Atlantic,TOR,Atlantic,RFA,575000,575000
Gourde,Yanni,F,TBL,TBL,Atlantic,TBL,Atlantic,UFA,575000,575000
Johnson,Tyler,F,TBL,TBL,Atlantic,TBL,Atlantic,RFA,4000000,3333333
Killorn,Alex,F,TBL,TBL,Atlantic,TBL,Atlantic,UFA,4450000,4450000
Kucherov,Nikita,F,TBL,TBL,Atlantic,TBL,Atlantic,RFA,4250000,4766667
Namestnikov,Vladislav,F,TBL,TBL,Atlantic,TBL,Atlantic,RFA,1900000,1937500
Palat,Ondrej,F,TBL,TBL,Atlantic,TBL,Atlantic,RFA,4000000,3333333
Paquette,Cedric,F,TBL,TBL,Atlantic,TBL,Atlantic,RFA,800000,812500
Peca,Matthew,F,TBL,TBL,Atlantic,TBL,Atlantic,RFA,925000,796250
Point,Brayden,F,TBL,TBL,Atlantic,TBL,Atlantic,RFA,667500,686667
Richard,Tanner,F,TBL,TBL,Atlantic,TBL,Atlantic,RFA,575000,575000
Stamkos,Steven,F,TBL,TBL,Atlantic,TBL,Atlantic,UFA,9500000,8500000
Vermin,Joel,F,TBL,TBL,Atlantic,TBL,Atlantic,UFA,575000,575000
Bishop,Ben,G,"TBL, LAK",TBL,Atlantic,LAK,Pacific,UFA,5950000,5950000
Vasilevskiy,Andrei,G,TBL,TBL,Atlantic,TBL,Atlantic,RFA,925000,925000
Carrick,Connor,D,TOR,TOR,Atlantic,TOR,Atlantic,RFA,650000,750000
Gardiner,Jake,D,TOR,TOR,Atlantic,TOR,Atlantic,UFA,4050000,4050000
Hunwick,Matt,D,TOR,TOR,Atlantic,TOR,Atlantic,UFA,1200000,1200000
Marincin,Martin,D,TOR,TOR,Atlantic,TOR,Atlantic,RFA,1200000,1250000
Polak,Roman,D,TOR,TOR,Atlantic,TOR,Atlantic,UFA,2250000,2250000
Rielly,Morgan,D,TOR,TOR,Atlantic,TOR,Atlantic,UFA,5000000,5000000
Zaitsev,Nikita,D,TOR,TOR,Atlantic,TOR,Atlantic,RFA,925000,925000
Bozak,Tyler,F,TOR,TOR,Atlantic,TOR,Atlantic,UFA,4500000,4200000
Brown,Connor,F,TOR,TOR,Atlantic,TOR,Atlantic,RFA,650000,686667
Gauthier,Frederik,F,TOR,TOR,Atlantic,TOR,Atlantic,RFA,832500,863333
Hyman,Zach,F,TOR,TOR,Atlantic,TOR,Atlantic,RFA,900000,900000
Kadri,Nazem,F,TOR,TOR,Atlantic,TOR,Atlantic,UFA,5000000,4500000
Kapanen,Kasperi,F,TOR,TOR,Atlantic,TOR,Atlantic,RFA,925000,863333
Komarov,Leo,F,TOR,TOR,Atlantic,TOR,Atlantic,UFA,2950000,2950000
Leivo,Josh,F,TOR,TOR,Atlantic,TOR,Atlantic,RFA,575000,612500
Marner,Mitchell,F,TOR,TOR,Atlantic,TOR,Atlantic,RFA,925000,894167
Martin,Matt,F,TOR,TOR,Atlantic,TOR,Atlantic,UFA,3500000,2500000
Matthews,Auston,F,TOR,TOR,Atlantic,TOR,Atlantic,RFA,925000,925000
Michalek,Milan,F,TOR,TOR,Atlantic,TOR,Atlantic,UFA,4000000,4000000
Nylander,William,F,TOR,TOR,Atlantic,TOR,Atlantic,RFA,925000,894167
Soshnikov,Nikita,F,TOR,TOR,Atlantic,TOR,Atlantic,RFA,742500,736667
van Riemsdyk,James,F,TOR,TOR,Atlantic,TOR,Atlantic,UFA,5000000,4250000
Andersen,Frederik,G,TOR,TOR,Atlantic,TOR,Atlantic,UFA,5000000,5000000
Bibeau,Antoine,G,TOR,TOR,Atlantic,TOR,Atlantic,RFA,680000,655000
Enroth,Jhonas,G,TOR,TOR,Atlantic,TOR,Atlantic,UFA,750000,750000
Campbell,Brian,D,CHI,CHI,Central,CHI,Central,UFA,1500000,1500000
Forsling,Gustav,D,CHI,CHI,Central,CHI,Central,RFA,767500,872500
Hjalmarsson,Niklas,D,CHI,CHI,Central,CHI,Central,UFA,4100000,4100000
Keith,Duncan,D,CHI,CHI,Central,CHI,Central,UFA,6000000,5538462
Oduya,Johnny,D,CHI/DAL,CHI,Central,DAL,Central,UFA,3750000,3750000
Rozsival,Michal,D,CHI,CHI,Central,CHI,Central,UFA,600000,600000
Seabrook,Brent,D,CHI,CHI,Central,CHI,Central,UFA,9000000,6875000
van Riemsdyk,Trevor,D,CHI,CHI,Central,CHI,Central,RFA,750000,825000
Abbott,Spencer,F,CHI,CHI,Central,CHI,Central,UFA,575000,575000
Anisimov,Artem,F,CHI,CHI,Central,CHI,Central,UFA,5750000,4550000
Desjardins,Andrew,F,CHI,CHI,Central,CHI,Central,UFA,800000,800000
Hartman,Ryan,F,CHI,CHI,Central,CHI,Central,RFA,832500,863333
Hayden,John,F,CHI,CHI,Central,CHI,Central,RFA,925000,925000
Hinostroza,Vinnie,F,CHI,CHI,Central,CHI,Central,RFA,667500,717500
Hossa,Marian,F,CHI,CHI,Central,CHI,Central,UFA,4000000,5275000
Jurco,Tomas,F,CHI/DET,CHI,Central,DET,Atlantic,RFA,950000,900000
Kane,Patrick,F,CHI,CHI,Central,CHI,Central,UFA,13800000,10500000
Kero,Tanner,F,CHI,CHI,Central,CHI,Central,RFA,667500,667500
Kruger,Marcus,F,CHI,CHI,Central,CHI,Central,UFA,3475000,3083333
Motte,Tyler,F,CHI,CHI,Central,CHI,Central,RFA,925000,925000
Panarin,Artemi,F,CHI,CHI,Central,CHI,Central,UFA,925000,812500
Panik,Richard,F,CHI,CHI,Central,CHI,Central,RFA,875000,875000
Rasmussen,Dennis,F,CHI,CHI,Central,CHI,Central,RFA,575000,575000
Schmaltz,Nick,F,CHI,CHI,Central,CHI,Central,RFA,925000,925000
Toews,Jonathan,F,CHI,CHI,Central,CHI,Central,UFA,13800000,10500000
Tootoo,Jordin,F,CHI,CHI,Central,CHI,Central,UFA,750000,750000
Crawford,Corey,G,CHI,CHI,Central,CHI,Central,UFA,6000000,6000000
Darling,Scott,G,CHI,CHI,Central,CHI,Central,UFA,600000,587500
Barberio,Mark,D,COL/MTL,COL,Central,MTL,Atlantic,UFA,800000,750000
Barrie,Tyson,D,COL,COL,Central,COL,Central,UFA,5000000,5500000
Beauchemin,Francois,D,COL,COL,Central,COL,Central,UFA,4500000,4500000
Gelinas,Eric,D,COL,COL,Central,COL,Central,RFA,1650000,1575000
Goloubef,Cody,D,COL,COL,Central,COL,Central,UFA,800000,750000
Johnson,Erik,D,COL,COL,Central,COL,Central,UFA,6000000,6000000
Lindholm,Anton,D,COL,COL,Central,COL,Central,RFA,667500,717500
Siemens,Duncan,D,COL,COL,Central,COL,Central,RFA,874125,874125
Tyutin,Fedor,D,COL,COL,Central,COL,Central,UFA,2000000,2000000
Wiercioch,Patrick,D,COL,COL,Central,COL,Central,RFA,800000,800000
Zadorov,Nikita,D,COL,COL,Central,COL,Central,RFA,832500,894167
Andrighetto,Sven,F,COL/MTL,COL,Central,MTL,Atlantic,RFA,650000,650000
Bourque,Gabriel,F,COL,COL,Central,COL,Central,UFA,800000,800000
Bourque,Rene,F,COL,COL,Central,COL,Central,UFA,650000,650000
Colborne,Joe,F,COL,COL,Central,COL,Central,UFA,2500000,2500000
Comeau,Blake,F,COL,COL,Central,COL,Central,UFA,2400000,2400000
Compher,J.T.,F,COL,COL,Central,COL,Central,RFA,925000,925000
Duchene,Matt,F,COL,COL,Central,COL,Central,UFA,6000000,6000000
Greer,A.J.,F,COL,COL,Central,COL,Central,RFA,725000,741667
Grigorenko,Mikhail,F,COL,COL,Central,COL,Central,RFA,1300000,1300000
Grimaldi,Rocco,F,COL,COL,Central,COL,Central,RFA,925000,925000
Henley,Samuel,F,COL,COL,Central,COL,Central,RFA,590000,586667
Iginla,Jarome,F,COL/LAK,COL,Central,LAK,Pacific,UFA,5000000,5333333
Jost,Tyson,F,COL,COL,Central,COL,Central,RFA,900000,916667
Landeskog,Gabriel,F,COL,COL,Central,COL,Central,UFA,5500000,5571429
MacKinnon,Nathan,F,COL,COL,Central,COL,Central,UFA,5000000,6300000
Martinsen,Andreas,F,COL/MTL,COL,Central,MTL,Atlantic,UFA,640000,640000
McLeod,Cody,F,COL/NSH,COL,Central,NSH,Central,UFA,1250000,1333333
Mitchell,John,F,COL,COL,Central,COL,Central,UFA,1900000,1800000
Nieto,Matt,F,COL/SJS,COL,Central,SJS,Pacific,RFA,735000,735000
Rantanen,Mikko,F,COL,COL,Central,COL,Central,RFA,925000,894167
Smith,Ben,F,COL/TOR,COL,Central,TOR,Atlantic,UFA,675000,675000
Soderberg,Carl,F,COL,COL,Central,COL,Central,UFA,4750000,4750000
Martin,Spencer,G,COL,COL,Central,COL,Central,RFA,742500,728333
Pickard,Calvin,G,COL,COL,Central,COL,Central,RFA,925000,1000000
Smith,Jeremy,G,COL,COL,Central,COL,Central,UFA,675000,675000
Varlamov,Semyon,G,COL,COL,Central,COL,Central,UFA,6000000,5900000
Benn,Jordie,D,DAL/MTL,DAL,Central,MTL,Atlantic,UFA,1100000,1100000
Hamhuis,Dan,D,DAL,DAL,Central,DAL,Central,UFA,4500000,3750000
Honka,Julius,D,DAL,DAL,Central,DAL,Central,RFA,925000,863333
Johns,Stephen,D,DAL,DAL,Central,DAL,Central,RFA,650000,725000
Klingberg,John,D,DAL,DAL,Central,DAL,Central,UFA,2750000,4250000
Lindell,Esa,D,DAL,DAL,Central,DAL,Central,RFA,802500,745833
Nemeth,Patrik,D,DAL,DAL,Central,DAL,Central,RFA,900000,900000
Oleksiak,Jamie,D,DAL,DAL,Central,DAL,Central,RFA,918750,918750
Pateryn,Greg,D,DAL/MTL,DAL,Central,MTL,Atlantic,UFA,750000,800000
Benn,Jamie,F,DAL,DAL,Central,DAL,Central,UFA,5750000,5250000
Cracknell,Adam,F,DAL,DAL,Central,DAL,Central,UFA,600000,600000
Dickinson,Jason,F,DAL,DAL,Central,DAL,Central,RFA,925000,894167
Dowling,Justin,F,DAL,DAL,Central,DAL,Central,UFA,625000,625000
Eakin,Cody,F,DAL,DAL,Central,DAL,Central,UFA,3850000,3850000
Elie,Remi,F,DAL,DAL,Central,DAL,Central,RFA,767500,745000
Faksa,Radek,F,DAL,DAL,Central,DAL,Central,RFA,832500,863333
Hemsky,Ales,F,DAL,DAL,Central,DAL,Central,UFA,4000000,4000000
Hudler,Jiri,F,DAL,DAL,Central,DAL,Central,UFA,2000000,2000000
McKenzie,Curtis,F,DAL,DAL,Central,DAL,Central,UFA,700000,675000
McNeill,Mark,F,DAL,DAL,Central,DAL,Central,RFA,600000,600000
Ritchie,Brett,F,DAL,DAL,Central,DAL,Central,RFA,875000,875000
Roussel,Antoine,F,DAL,DAL,Central,DAL,Central,UFA,2200000,2000000
Seguin,Tyler,F,DAL,DAL,Central,DAL,Central,UFA,6000000,5750000
Sharp,Patrick,F,DAL,DAL,Central,DAL,Central,UFA,5000000,5900000
Shore,Devin,F,DAL,DAL,Central,DAL,Central,RFA,867500,870000
Smith,Gemel,F,DAL,DAL,Central,DAL,Central,RFA,670000,645000
Spezza,Jason,F,DAL,DAL,Central,DAL,Central,UFA,7500000,7500000
Lehtonen,Kari,G,DAL,DAL,Central,DAL,Central,UFA,6000000,5900000
Niemi,Antti,G,DAL,DAL,Central,DAL,Central,UFA,4500000,4500000
Brodin,Jonas,D,MIN,MIN,Central,MIN,Central,UFA,4000000,4166667
Dumba,Matt,D,MIN,MIN,Central,MIN,Central,RFA,2350000,2550000
Folin,Christian,D,MIN,MIN,Central,MIN,Central,RFA,850000,725000
Olofsson,Gustav,D,MIN,MIN,Central,MIN,Central,RFA,925000,795000
Prosser,Nate,D,MIN,MIN,Central,MIN,Central,UFA,650000,625000
Reilly,Mike,D,MIN,MIN,Central,MIN,Central,RFA,925000,925000
Scandella,Marco,D,MIN,MIN,Central,MIN,Central,UFA,3750000,4000000
Spurgeon,Jared,D,MIN,MIN,Central,MIN,Central,UFA,4250000,5187500
Suter,Ryan,D,MIN,MIN,Central,MIN,Central,UFA,9000000,7538462
Bertschy,Christoph,F,MIN,MIN,Central,MIN,Central,RFA,742500,775833
Cannone,Patrick,F,MIN,MIN,Central,MIN,Central,UFA,600000,600000
Coyle,Charlie,F,MIN,MIN,Central,MIN,Central,UFA,2600000,3200000
Dalpe,Zac,F,MIN,MIN,Central,MIN,Central,UFA,600000,600000
Eriksson Ek,Joel,F,MIN,MIN,Central,MIN,Central,RFA,925000,894167
Gabriel,Kurtis,F,MIN,MIN,Central,MIN,Central,RFA,725000,666667
Granlund,Mikael,F,MIN,MIN,Central,MIN,Central,RFA,3200000,3000000
Graovac,Tyler,F,MIN,MIN,Central,MIN,Central,RFA,600000,625000
Haula,Erik,F,MIN,MIN,Central,MIN,Central,RFA,1050000,1000000
Koivu,Mikko,F,MIN,MIN,Central,MIN,Central,UFA,5400000,6750000
Mitchell,Zack,F,MIN,MIN,Central,MIN,Central,RFA,640000,615000
Niederreiter,Nino,F,MIN,MIN,Central,MIN,Central,RFA,3500000,2666667
Parise,Zach,F,MIN,MIN,Central,MIN,Central,UFA,9000000,7538462
Pominville,Jason,F,MIN,MIN,Central,MIN,Central,UFA,6250000,5600000
Schroeder,Jordan,F,MIN,MIN,Central,MIN,Central,RFA,650000,650000
Staal,Eric,F,MIN,MIN,Central,MIN,Central,UFA,3500000,3500000
Stewart,Chris,F,MIN,MIN,Central,MIN,Central,UFA,1200000,1150000
Tuch,Alex,F,MIN,MIN,Central,MIN,Central,RFA,925000,925000
Zucker,Jason,F,MIN,MIN,Central,MIN,Central,RFA,2000000,2000000
Dubnyk,Devan,G,MIN,MIN,Central,MIN,Central,UFA,5000000,4333333
Kuemper,Darcy,G,MIN,MIN,Central,MIN,Central,UFA,1550000,1550000
Stalock,Alex,G,MIN,MIN,Central,MIN,Central,UFA,650000,650000
Bitetto,Anthony,D,NSH,NSH,Central,NSH,Central,UFA,575000,612500
Carrier,Alex,D,NSH,NSH,Central,NSH,Central,RFA,640000,668333
Ekholm,Mattias,D,NSH,NSH,Central,NSH,Central,UFA,3000000,3750000
Ellis,Ryan,D,NSH,NSH,Central,NSH,Central,UFA,2500000,2500000
Granberg,Petter,D,NSH,NSH,Central,NSH,Central,RFA,575000,612500
Hunt,Brad,D,NSH/STL,NSH,Central,STL,Central,UFA,600000,600000
Irwin,Matt,D,NSH,NSH,Central,NSH,Central,UFA,575000,575000
Josi,Roman,D,NSH,NSH,Central,NSH,Central,UFA,4250000,4000000
Pardy,Adam,D,NSH,NSH,Central,NSH,Central,UFA,575000,575000
Subban,P.K.,D,NSH,NSH,Central,NSH,Central,UFA,11000000,9000000
Weber,Yannick,D,NSH,NSH,Central,NSH,Central,UFA,575000,575000
Aberg,Pontus,F,NSH,NSH,Central,NSH,Central,RFA,842500,780833
Arvidsson,Viktor,F,NSH,NSH,Central,NSH,Central,RFA,640000,631667
Bass,Cody,F,NSH,NSH,Central,NSH,Central,UFA,575000,612500
Fiala,Kevin,F,NSH,NSH,Central,NSH,Central,RFA,925000,863333
Fisher,Mike,F,NSH,NSH,Central,NSH,Central,UFA,4000000,4400000
Forsberg,Filip,F,NSH,NSH,Central,NSH,Central,UFA,6000000,6000000
Gaudreau,Frederick,F,NSH,NSH,Central,NSH,Central,RFA,595000,595000
Jarnkrok,Calle,F,NSH,NSH,Central,NSH,Central,UFA,1700000,2000000
Johansen,Ryan,F,NSH,NSH,Central,NSH,Central,RFA,6000000,4000000
Kamenev,Vladislav,F,NSH,NSH,Central,NSH,Central,RFA,742500,833333
Liambas,Mike,F,NSH,NSH,Central,NSH,Central,UFA,575000,575000
Neal,James,F,NSH,NSH,Central,NSH,Central,UFA,5000000,5000000
Ribeiro,Mike,F,NSH,NSH,Central,NSH,Central,UFA,3500000,3500000
Salomaki,Miikka,F,NSH,NSH,Central,NSH,Central,RFA,575000,612500
Sissons,Colton,F,NSH,NSH,Central,NSH,Central,RFA,575000,625000
Smith,Craig,F,NSH,NSH,Central,NSH,Central,UFA,4000000,4250000
Smith,Trevor,F,NSH,NSH,Central,NSH,Central,UFA,575000,612500
Watson,Austin,F,NSH,NSH,Central,NSH,Central,RFA,575000,575000
Wilson,Colin,F,NSH,NSH,Central,NSH,Central,UFA,4000000,3937500
Zolnierczyk,Harry,F,NSH,NSH,Central,NSH,Central,UFA,575000,575000
Mazanec,Marek,G,NSH,NSH,Central,NSH,Central,RFA,575000,575000
Rinne,Pekka,G,NSH,NSH,Central,NSH,Central,UFA,7000000,7000000
Saros,Juuse,G,NSH,NSH,Central,NSH,Central,RFA,667500,692500
Bortuzzo,Robert,D,STL,STL,Central,STL,Central,UFA,1050000,1050000
Bouwmeester,Jay,D,STL,STL,Central,STL,Central,UFA,5600000,5400000
Butler,Chris,D,STL,STL,Central,STL,Central,UFA,600000,600000
Edmundson,Joel,D,STL,STL,Central,STL,Central,RFA,900000,1050000
Gunnarsson,Carl,D,STL,STL,Central,STL,Central,UFA,2900000,2900000
Lindbohm,Petteri,D,STL,STL,Central,STL,Central,RFA,645000,636667
Parayko,Colton,D,STL,STL,Central,STL,Central,RFA,925000,858750
Pietrangelo,Alex,D,STL,STL,Central,STL,Central,UFA,7000000,6500000
Schmaltz,Jordan,D,STL,STL,Central,STL,Central,RFA,925000,925000
Shattenkirk,Kevin,D,STL/WSH,STL,Central,WSH,Metropolitan,UFA,5200000,4250000
Agostino,Kenny,F,STL,STL,Central,STL,Central,UFA,625000,625000
Barbashev,Ivan,F,STL,STL,Central,STL,Central,RFA,742500,741667
Berglund,Patrik,F,STL,STL,Central,STL,Central,UFA,3700000,3700000
Brodziak,Kyle,F,STL,STL,Central,STL,Central,UFA,1000000,950000
Fabbri,Robby,F,STL,STL,Central,STL,Central,RFA,925000,894167
Jaskin,Dmitrij,F,STL,STL,Central,STL,Central,RFA,1000000,1000000
Lehtera,Jori,F,STL,STL,Central,STL,Central,UFA,4400000,4700000
Paajarvi,Magnus,F,STL,STL,Central,STL,Central,RFA,700000,700000
Perron,David,F,STL,STL,Central,STL,Central,UFA,3750000,3750000
Reaves,Ryan,F,STL,STL,Central,STL,Central,UFA,1125000,1125000
Sanford,Zach,F,STL/WSH,STL,Central,WSH,Metropolitan,RFA,875000,875000
Schwartz,Jaden,F,STL,STL,Central,STL,Central,UFA,5250000,5350000
Sobotka,Vladimir,F,STL,STL,Central,STL,Central,UFA,2725000,2725000
Stastny,Paul,F,STL,STL,Central,STL,Central,UFA,7000000,7000000
Steen,Alex,F,STL,STL,Central,STL,Central,UFA,6500000,5800000
Tarasenko,Vladimir,F,STL,STL,Central,STL,Central,UFA,8000000,7500000
Upshall,Scottie,F,STL,STL,Central,STL,Central,UFA,900000,900000
Yakupov,Nail,F,STL,STL,Central,STL,Central,RFA,2500000,2500000
Allen,Jake,G,STL,STL,Central,STL,Central,UFA,2500000,2350000
Copley,Pheonix,G,STL,STL,Central,STL,Central,UFA,708750,708750
Hutton,Carter,G,STL,STL,Central,STL,Central,UFA,1250000,1125000
Byfuglien,Dustin,D,WPG,WPG,Central,WPG,Central,UFA,8000000,7600000
Chiarot,Ben,D,WPG,WPG,Central,WPG,Central,RFA,850000,850000
Enstrom,Tobias,D,WPG,WPG,Central,WPG,Central,UFA,5750000,5750000
Melchiori,Julian,D,WPG,WPG,Central,WPG,Central,RFA,600000,625000
Morrissey,Josh,D,WPG,WPG,Central,WPG,Central,RFA,832500,863333
Myers,Tyler,D,WPG,WPG,Central,WPG,Central,UFA,4000000,5500000
Nogier,Nelson,D,WPG,WPG,Central,WPG,Central,RFA,650000,713333
Postma,Paul,D,WPG,WPG,Central,WPG,Central,UFA,925000,887500
Strait,Brian,D,WPG,WPG,Central,WPG,Central,UFA,600000,600000
Stuart,Mark,D,WPG,WPG,Central,WPG,Central,UFA,2700000,2625000
Trouba,Jacob,D,WPG,WPG,Central,WPG,Central,RFA,2500000,3308824
Armia,Joel,F,WPG,WPG,Central,WPG,Central,RFA,875000,925000
Connor,Kyle,F,WPG,WPG,Central,WPG,Central,RFA,925000,925000
Copp,Andrew,F,WPG,WPG,Central,WPG,Central,RFA,925000,925000
Dano,Marko,F,WPG,WPG,Central,WPG,Central,RFA,925000,925000
Ehlers,Nikolaj,F,WPG,WPG,Central,WPG,Central,RFA,925000,894167
Howden,Quinton,F,WPG,WPG,Central,WPG,Central,RFA,650000,650000
Laine,Patrik,F,WPG,WPG,Central,WPG,Central,RFA,925000,925000
Little,Bryan,F,WPG,WPG,Central,WPG,Central,UFA,5000000,4700000
Lowry,Adam,F,WPG,WPG,Central,WPG,Central,RFA,1000000,1125000
Matthias,Shawn,F,WPG,WPG,Central,WPG,Central,UFA,2125000,2125000
Perreault,Mathieu,F,WPG,WPG,Central,WPG,Central,UFA,3000000,3000000
Petan,Nic,F,WPG,WPG,Central,WPG,Central,RFA,750000,758333
Scheifele,Mark,F,WPG,WPG,Central,WPG,Central,UFA,5000000,6125000
Tanev,Brandon,F,WPG,WPG,Central,WPG,Central,RFA,874125,874125
Thorburn,Chris,F,WPG,WPG,Central,WPG,Central,UFA,1200000,1200000
Wheeler,Blake,F,WPG,WPG,Central,WPG,Central,UFA,5800000,5600000
Comrie,Eric,G,WPG,WPG,Central,WPG,Central,RFA,575000,645000
Hellebuyck,Connor,G,WPG,WPG,Central,WPG,Central,RFA,692500,667500
Hutchinson,Michael,G,WPG,WPG,Central,WPG,Central,UFA,1000000,1150000
Pavelec,Ondrej,G,WPG,WPG,Central,WPG,Central,UFA,4750000,3900000
Dahlbeck,Klas,D,CAR,CAR,Metropolitan,CAR,Metropolitan,RFA,750000,750000
Faulk,Justin,D,CAR,CAR,Metropolitan,CAR,Metropolitan,UFA,5500000,4833333
Hainsey,Ron,D,CAR/PIT,CAR,Metropolitan,PIT,Metropolitan,UFA,2500000,2833333
Hanifin,Noah,D,CAR,CAR,Metropolitan,CAR,Metropolitan,RFA,925000,925000
Murphy,Ryan,D,CAR,CAR,Metropolitan,CAR,Metropolitan,RFA,750000,787500
Pesce,Brett,D,CAR,CAR,Metropolitan,CAR,Metropolitan,RFA,792500,809167
Slavin,Jaccob,D,CAR,CAR,Metropolitan,CAR,Metropolitan,RFA,742500,742500
Tennyson,Matt,D,CAR,CAR,Metropolitan,CAR,Metropolitan,UFA,675000,675000
Aho,Sebastian,F,CAR,CAR,Metropolitan,CAR,Metropolitan,RFA,925000,925000
Brown,Patrick,F,CAR,CAR,Metropolitan,CAR,Metropolitan,UFA,650000,650000
Di Giuseppe,Phillip,F,CAR,CAR,Metropolitan,CAR,Metropolitan,RFA,867500,817500
Frk,Martin,F,CAR,CAR,Metropolitan,CAR,Metropolitan,RFA,650000,639167
Lindholm,Elias,F,CAR,CAR,Metropolitan,CAR,Metropolitan,RFA,2500000,2700000
McClement,Jay,F,CAR,CAR,Metropolitan,CAR,Metropolitan,UFA,1100000,1200000
McGinn,Brock,F,CAR,CAR,Metropolitan,CAR,Metropolitan,RFA,800000,811667
Nestrasil,Andrej,F,CAR,CAR,Metropolitan,CAR,Metropolitan,RFA,950000,912500
Nordstrom,Joakim,F,CAR,CAR,Metropolitan,CAR,Metropolitan,RFA,1250000,1275000
Poturalski,Andrew,F,CAR,CAR,Metropolitan,CAR,Metropolitan,RFA,792500,858750
Rask,Victor,F,CAR,CAR,Metropolitan,CAR,Metropolitan,UFA,4000000,4000000
Rattie,Ty,F,CAR/STL,CAR,Metropolitan,STL,Central,RFA,650000,650000
Ryan,Derek,F,CAR,CAR,Metropolitan,CAR,Metropolitan,UFA,600000,600000
Skinner,Jeff,F,CAR,CAR,Metropolitan,CAR,Metropolitan,UFA,6000000,5725000
Staal,Jordan,F,CAR,CAR,Metropolitan,CAR,Metropolitan,UFA,6000000,6000000
Stalberg,Viktor,F,CAR/OTT,CAR,Metropolitan,OTT,Atlantic,UFA,1500000,1500000
Stempniak,Lee,F,CAR,CAR,Metropolitan,CAR,Metropolitan,UFA,2500000,2500000
Teravainen,Teuvo,F,CAR,CAR,Metropolitan,CAR,Metropolitan,RFA,832500,894167
Tolchinsky,Sergey,F,CAR,CAR,Metropolitan,CAR,Metropolitan,RFA,575000,616667
Wallmark,Lucas,F,CAR,CAR,Metropolitan,CAR,Metropolitan,RFA,675000,683333
Zykov,Valentin,F,CAR,CAR,Metropolitan,CAR,Metropolitan,RFA,727500,705000
Lack,Eddie,G,CAR,CAR,Metropolitan,CAR,Metropolitan,UFA,2500000,2750000
Leighton,Michael,G,CAR,CAR,Metropolitan,CAR,Metropolitan,UFA,700000,700000
Ward,Cam,G,CAR,CAR,Metropolitan,CAR,Metropolitan,UFA,3500000,3300000
Carlsson,Gabriel,D,CBJ,CBJ,Metropolitan,CBJ,Metropolitan,RFA,925000,925000
Harrington,Scott,D,CBJ,CBJ,Metropolitan,CBJ,Metropolitan,RFA,632500,632500
Johnson,Jack,D,CBJ,CBJ,Metropolitan,CBJ,Metropolitan,UFA,5000000,4357143
Jones,Seth,D,CBJ,CBJ,Metropolitan,CBJ,Metropolitan,UFA,5400000,5400000
Murray,Ryan,D,CBJ,CBJ,Metropolitan,CBJ,Metropolitan,RFA,2825000,2825000
Nutivaara,Markus,D,CBJ,CBJ,Metropolitan,CBJ,Metropolitan,RFA,792500,817500
Prout,Dalton,D,CBJ/NJD,CBJ,Metropolitan,NJD,Metropolitan,UFA,1250000,1575000
Quincey,Kyle,D,CBJ/NJD,CBJ,Metropolitan,NJD,Metropolitan,UFA,1250000,1250000
Savard,David,D,CBJ,CBJ,Metropolitan,CBJ,Metropolitan,UFA,3500000,4250000
Werenski,Zach,D,CBJ,CBJ,Metropolitan,CBJ,Metropolitan,RFA,925000,925000
Anderson,Josh,F,CBJ,CBJ,Metropolitan,CBJ,Metropolitan,RFA,700000,678333
Atkinson,Cam,F,CBJ,CBJ,Metropolitan,CBJ,Metropolitan,UFA,3500000,3500000
Bjorkstrand,Oliver,F,CBJ,CBJ,Metropolitan,CBJ,Metropolitan,RFA,600000,655833
Calvert,Matt,F,CBJ,CBJ,Metropolitan,CBJ,Metropolitan,UFA,2200000,2200000
Dubinsky,Brandon,F,CBJ,CBJ,Metropolitan,CBJ,Metropolitan,UFA,5850000,5850000
Foligno,Nick,F,CBJ,CBJ,Metropolitan,CBJ,Metropolitan,UFA,5500000,5500000
Gagner,Sam,F,CBJ,CBJ,Metropolitan,CBJ,Metropolitan,UFA,650000,650000
Hannikainen,Markus,F,CBJ,CBJ,Metropolitan,CBJ,Metropolitan,RFA,742500,717500
Hartnell,Scott,F,CBJ,CBJ,Metropolitan,CBJ,Metropolitan,UFA,5000000,4750000
Jenner,Boone,F,CBJ,CBJ,Metropolitan,CBJ,Metropolitan,RFA,2900000,2900000
Karlsson,William,F,CBJ,CBJ,Metropolitan,CBJ,Metropolitan,RFA,1000000,1000000
Korpikoski,Lauri,F,CBJ/DAL,CBJ,Metropolitan,DAL,Central,UFA,1000000,1000000
Milano,Sonny,F,CBJ,CBJ,Metropolitan,CBJ,Metropolitan,RFA,925000,863333
Saad,Brandon,F,CBJ,CBJ,Metropolitan,CBJ,Metropolitan,UFA,5750000,6000000
Sedlak,Lukas,F,CBJ,CBJ,Metropolitan,CBJ,Metropolitan,RFA,600000,600000
Tynan,T.J.,F,CBJ,CBJ,Metropolitan,CBJ,Metropolitan,UFA,600000,600000
Wennberg,Alex,F,CBJ,CBJ,Metropolitan,CBJ,Metropolitan,RFA,925000,925000
Bobrovsky,Sergei,G,CBJ,CBJ,Metropolitan,CBJ,Metropolitan,UFA,8500000,7425000
Forsberg,Anton,G,CBJ,CBJ,Metropolitan,CBJ,Metropolitan,RFA,650000,650000
Korpisalo,Joonas,G,CBJ,CBJ,Metropolitan,CBJ,Metropolitan,RFA,792500,742500
McElhinney,Curtis,G,"CBJ, TOR",CBJ,Metropolitan,TOR,Atlantic,UFA,800000,800000
Auvitu,Yohann,D,NJD,NJD,Metropolitan,NJD,Metropolitan,RFA,792500,792500
Greene,Andy,D,NJD,NJD,Metropolitan,NJD,Metropolitan,UFA,5000000,5000000
Helgeson,Seth,D,NJD,NJD,Metropolitan,NJD,Metropolitan,UFA,600000,587500
Kapla,Michael,D,NJD,NJD,Metropolitan,NJD,Metropolitan,RFA,925000,925000
Lovejoy,Ben,D,NJD,NJD,Metropolitan,NJD,Metropolitan,UFA,2500000,2666667
Merrill,Jon,D,NJD,NJD,Metropolitan,NJD,Metropolitan,RFA,1000000,1137500
Moore,John,D,NJD,NJD,Metropolitan,NJD,Metropolitan,UFA,1750000,1666667
Santini,Steven,D,NJD,NJD,Metropolitan,NJD,Metropolitan,RFA,925000,925000
Severson,Damon,D,NJD,NJD,Metropolitan,NJD,Metropolitan,RFA,600000,605833
Stollery,Karl,D,NJD,NJD,Metropolitan,NJD,Metropolitan,UFA,575000,575000
Bennett,Beau,F,NJD,NJD,Metropolitan,NJD,Metropolitan,RFA,725000,725000
Blandisi,Joseph,F,NJD,NJD,Metropolitan,NJD,Metropolitan,RFA,715000,648333
Boucher,Reid,F,NJD/NSH/VAN,NJD,Metropolitan,VAN,Pacific,RFA,715000,715000
Cammalleri,Mike,F,NJD,NJD,Metropolitan,NJD,Metropolitan,UFA,5000000,5000000
Coleman,Blake,F,NJD,NJD,Metropolitan,NJD,Metropolitan,RFA,692500,680000
Fiddler,Vernon,F,NJD/NSH,NJD,Metropolitan,NSH,Central,UFA,1250000,1250000
Gazdic,Luke,F,NJD,NJD,Metropolitan,NJD,Metropolitan,UFA,700000,700000
Hall,Taylor,F,NJD,NJD,Metropolitan,NJD,Metropolitan,UFA,6000000,6000000
Henrique,Adam,F,NJD,NJD,Metropolitan,NJD,Metropolitan,UFA,4500000,4000000
Josefson,Jacob,F,NJD,NJD,Metropolitan,NJD,Metropolitan,RFA,1100000,1100000
Kalinin,Sergey,F,NJD,NJD,Metropolitan,NJD,Metropolitan,RFA,800000,800000
Lappin,Nick,F,NJD,NJD,Metropolitan,NJD,Metropolitan,RFA,842500,842500
Palmieri,Kyle,F,NJD,NJD,Metropolitan,NJD,Metropolitan,UFA,4500000,4650000
Parenteau,PA,F,NJD/NSH,NJD,Metropolitan,NSH,Central,UFA,1250000,1250000
Pietila,Blake,F,NJD,NJD,Metropolitan,NJD,Metropolitan,RFA,675000,662500
Quenneville,John,F,NJD,NJD,Metropolitan,NJD,Metropolitan,RFA,842500,811667
Rooney,Kevin,F,NJD,NJD,Metropolitan,NJD,Metropolitan,RFA,625000,625000
Smith-Pelly,Devante,F,NJD,NJD,Metropolitan,NJD,Metropolitan,RFA,1250000,1300000
Speers,Blake,F,NJD,NJD,Metropolitan,NJD,Metropolitan,RFA,667500,717500
Thomson,Ben,F,NJD,NJD,Metropolitan,NJD,Metropolitan,RFA,635000,626667
Wood,Miles,F,NJD,NJD,Metropolitan,NJD,Metropolitan,RFA,925000,925000
Zacha,Pavel,F,NJD,NJD,Metropolitan,NJD,Metropolitan,RFA,925000,894167
Zajac,Travis,F,NJD,NJD,Metropolitan,NJD,Metropolitan,UFA,6500000,5750000
Kinkaid,Keith,G,NJD,NJD,Metropolitan,NJD,Metropolitan,UFA,750000,725000
Schneider,Cory,G,NJD,NJD,Metropolitan,NJD,Metropolitan,UFA,6000000,6000000
Boychuk,Johnny,D,NYI,NYI,Metropolitan,NYI,Metropolitan,UFA,7000000,6000000
de Haan,Calvin,D,NYI,NYI,Metropolitan,NYI,Metropolitan,RFA,2900000,1966667
Hamonic,Travis,D,NYI,NYI,Metropolitan,NYI,Metropolitan,UFA,4875000,3857143
Hickey,Thomas,D,NYI,NYI,Metropolitan,NYI,Metropolitan,UFA,2250000,2200000
Leddy,Nick,D,NYI,NYI,Metropolitan,NYI,Metropolitan,UFA,4500000,5500000
Mayfield,Scott,D,NYI,NYI,Metropolitan,NYI,Metropolitan,RFA,575000,625000
Pelech,Adam,D,NYI,NYI,Metropolitan,NYI,Metropolitan,RFA,925000,854333
Pulock,Ryan,D,NYI,NYI,Metropolitan,NYI,Metropolitan,RFA,832500,863333
Seidenberg,Dennis,D,NYI,NYI,Metropolitan,NYI,Metropolitan,UFA,1000000,1000000
Bailey,Josh,F,NYI,NYI,Metropolitan,NYI,Metropolitan,UFA,3700000,3300000
Barzal,Mathew,F,NYI,NYI,Metropolitan,NYI,Metropolitan,RFA,925000,894167
Beauvillier,Anthony,F,NYI,NYI,Metropolitan,NYI,Metropolitan,RFA,925000,894167
Chimera,Jason,F,NYI,NYI,Metropolitan,NYI,Metropolitan,UFA,2000000,2250000
Cizikas,Casey,F,NYI,NYI,Metropolitan,NYI,Metropolitan,UFA,2500000,3350000
Clutterbuck,Cal,F,NYI,NYI,Metropolitan,NYI,Metropolitan,UFA,3500000,2750000
Gionta,Stephen,F,NYI,NYI,Metropolitan,NYI,Metropolitan,UFA,575000,575000
Ho-Sang,Joshua,F,NYI,NYI,Metropolitan,NYI,Metropolitan,RFA,925000,863333
Jones,Connor,F,NYI,NYI,Metropolitan,NYI,Metropolitan,RFA,575000,575000
Kearns,Bracken,F,NYI,NYI,Metropolitan,NYI,Metropolitan,UFA,800000,800000
Kulemin,Nikolay,F,NYI,NYI,Metropolitan,NYI,Metropolitan,UFA,4250000,4187500
Ladd,Andrew,F,NYI,NYI,Metropolitan,NYI,Metropolitan,UFA,8000000,5500000
Lee,Anders,F,NYI,NYI,Metropolitan,NYI,Metropolitan,UFA,3500000,3750000
Nelson,Brock,F,NYI,NYI,Metropolitan,NYI,Metropolitan,RFA,2500000,2500000
Prince,Shane,F,NYI,NYI,Metropolitan,NYI,Metropolitan,RFA,800000,850000
Quine,Alan,F,NYI,NYI,Metropolitan,NYI,Metropolitan,RFA,575000,612500
Strome,Ryan,F,NYI,NYI,Metropolitan,NYI,Metropolitan,RFA,2000000,2500000
Tavares,John,F,NYI,NYI,Metropolitan,NYI,Metropolitan,UFA,6000000,5500000
Berube,Jean-Francois,G,NYI,NYI,Metropolitan,NYI,Metropolitan,UFA,675000,675000
Greiss,Thomas,G,NYI,NYI,Metropolitan,NYI,Metropolitan,UFA,2000000,1500000
Halak,Jaroslav,G,NYI,NYI,Metropolitan,NYI,Metropolitan,UFA,4750000,4500000
Clendening,Adam,D,NYR,NYR,Metropolitan,NYR,Metropolitan,RFA,600000,600000
Girardi,Dan,D,NYR,NYR,Metropolitan,NYR,Metropolitan,UFA,6000000,5500000
Holden,Nick,D,NYR,NYR,Metropolitan,NYR,Metropolitan,UFA,1650000,1650000
Klein,Kevin,D,NYR,NYR,Metropolitan,NYR,Metropolitan,UFA,2750000,2900000
McDonagh,Ryan,D,NYR,NYR,Metropolitan,NYR,Metropolitan,UFA,5000000,4700000
Skjei,Brady,D,NYR,NYR,Metropolitan,NYR,Metropolitan,RFA,925000,925000
Staal,Marc,D,NYR,NYR,Metropolitan,NYR,Metropolitan,UFA,6000000,5700000
Buchnevich,Pavel,F,NYR,NYR,Metropolitan,NYR,Metropolitan,RFA,925000,925000
Fast,Jesper,F,NYR,NYR,Metropolitan,NYR,Metropolitan,RFA,1000000,950000
Glass,Tanner,F,NYR,NYR,Metropolitan,NYR,Metropolitan,UFA,1000000,1450000
Grabner,Michael,F,NYR,NYR,Metropolitan,NYR,Metropolitan,UFA,1650000,1650000
Hayes,Kevin,F,NYR,NYR,Metropolitan,NYR,Metropolitan,RFA,2600000,2600000
Hrivik,Marek,F,NYR,NYR,Metropolitan,NYR,Metropolitan,UFA,600000,600000
Jensen,Nicklas,F,NYR,NYR,Metropolitan,NYR,Metropolitan,RFA,600000,600000
Kreider,Chris,F,NYR,NYR,Metropolitan,NYR,Metropolitan,UFA,5000000,4625000
Lindberg,Oscar,F,NYR,NYR,Metropolitan,NYR,Metropolitan,RFA,700000,650000
Miller,J.T.,F,NYR,NYR,Metropolitan,NYR,Metropolitan,RFA,2750000,2750000
Nash,Rick,F,NYR,NYR,Metropolitan,NYR,Metropolitan,UFA,8000000,7800000
Nieves,Cristoval,F,NYR,NYR,Metropolitan,NYR,Metropolitan,RFA,742500,755000
Pirri,Brandon,F,NYR,NYR,Metropolitan,NYR,Metropolitan,RFA,1100000,1100000
Puempel,Matt,F,NYR/OTT,NYR,Metropolitan,OTT,Atlantic,RFA,900000,900000
Stepan,Derek,F,NYR,NYR,Metropolitan,NYR,Metropolitan,UFA,8000000,6500000
Vesey,Jimmy,F,NYR,NYR,Metropolitan,NYR,Metropolitan,RFA,925000,925000
Zibanejad,Mika,F,NYR,NYR,Metropolitan,NYR,Metropolitan,RFA,3250000,2625000
Zuccarello,Mats,F,NYR,NYR,Metropolitan,NYR,Metropolitan,UFA,4500000,4500000
Hellberg,Magnus,G,NYR,NYR,Metropolitan,NYR,Metropolitan,UFA,650000,625000
Lundqvist,Henrik,G,NYR,NYR,Metropolitan,NYR,Metropolitan,UFA,9500000,8500000
Raanta,Antti,G,NYR,NYR,Metropolitan,NYR,Metropolitan,UFA,1000000,1000000
Del Zotto,Michael,D,PHI,PHI,Metropolitan,PHI,Metropolitan,UFA,4000000,3875000
Gostisbehere,Shayne,D,PHI,PHI,Metropolitan,PHI,Metropolitan,RFA,925000,925000
Gudas,Radko,D,PHI,PHI,Metropolitan,PHI,Metropolitan,UFA,4000000,3350000
Hagg,Robert,D,PHI,PHI,Metropolitan,PHI,Metropolitan,RFA,925000,894167
MacDonald,Andrew,D,PHI,PHI,Metropolitan,PHI,Metropolitan,UFA,4750000,5000000
Manning,Brandon,D,PHI,PHI,Metropolitan,PHI,Metropolitan,UFA,950000,975000
Morin,Samuel,D,PHI,PHI,Metropolitan,PHI,Metropolitan,RFA,832500,863333
Provorov,Ivan,D,PHI,PHI,Metropolitan,PHI,Metropolitan,RFA,925000,894167
Schultz,Nick,D,PHI,PHI,Metropolitan,PHI,Metropolitan,UFA,2250000,2250000
Streit,Mark,D,PHI/PIT,PHI,Metropolitan,PIT,Metropolitan,UFA,4000000,5250000
Bellemare,Pierre-Edouard,F,PHI,PHI,Metropolitan,PHI,Metropolitan,UFA,725000,712500
Cousins,Nick,F,PHI,PHI,Metropolitan,PHI,Metropolitan,RFA,840000,840000
Couturier,Sean,F,PHI,PHI,Metropolitan,PHI,Metropolitan,UFA,3750000,4333333
Filppula,Valtteri,F,PHI/TBL,PHI,Metropolitan,TBL,Atlantic,UFA,5000000,5000000
Giroux,Claude,F,PHI,PHI,Metropolitan,PHI,Metropolitan,UFA,9000000,8275000
Gordon,Boyd,F,PHI,PHI,Metropolitan,PHI,Metropolitan,UFA,950000,950000
Konecny,Travis,F,PHI,PHI,Metropolitan,PHI,Metropolitan,RFA,925000,894167
Laughton,Scott,F,PHI,PHI,Metropolitan,PHI,Metropolitan,RFA,832500,863333
Leier,Taylor,F,PHI,PHI,Metropolitan,PHI,Metropolitan,RFA,768150,779617
McDonald,Colin,F,PHI,PHI,Metropolitan,PHI,Metropolitan,UFA,625000,637500
Raffl,Michael,F,PHI,PHI,Metropolitan,PHI,Metropolitan,UFA,2350000,2350000
Read,Matt,F,PHI,PHI,Metropolitan,PHI,Metropolitan,UFA,4000000,3625000
Schenn,Brayden,F,PHI,PHI,Metropolitan,PHI,Metropolitan,UFA,6000000,5125000
Simmonds,Wayne,F,PHI,PHI,Metropolitan,PHI,Metropolitan,UFA,4300000,3975000
VandeVelde,Chris,F,PHI,PHI,Metropolitan,PHI,Metropolitan,UFA,725000,712500
Vecchione,Mike,F,PHI,PHI,Metropolitan,PHI,Metropolitan,RFA,925000,925000
Voracek,Jakub,F,PHI,PHI,Metropolitan,PHI,Metropolitan,UFA,10000000,8250000
Weal,Jordan,F,PHI,PHI,Metropolitan,PHI,Metropolitan,UFA,650000,650000
Weise,Dale,F,PHI,PHI,Metropolitan,PHI,Metropolitan,UFA,2750000,2350000
Mason,Steve,G,PHI,PHI,Metropolitan,PHI,Metropolitan,UFA,4100000,4100000
Neuvirth,Michal,G,PHI,PHI,Metropolitan,PHI,Metropolitan,UFA,1750000,1625000
Stolarz,Anthony,G,PHI,PHI,Metropolitan,PHI,Metropolitan,RFA,725000,753333
Cole,Ian,D,PIT,PIT,Metropolitan,PIT,Metropolitan,UFA,2300000,2100000
Corrado,Frank,D,PIT/TOR,PIT,Metropolitan,TOR,Atlantic,RFA,600000,600000
Daley,Trevor,D,PIT,PIT,Metropolitan,PIT,Metropolitan,UFA,2700000,3300000
Dumoulin,Brian,D,PIT,PIT,Metropolitan,PIT,Metropolitan,RFA,800000,800000
Gaunce,Cameron,D,PIT,PIT,Metropolitan,PIT,Metropolitan,UFA,575000,575000
Letang,Kris,D,PIT,PIT,Metropolitan,PIT,Metropolitan,UFA,7250000,7250000
Maatta,Olli,D,PIT,PIT,Metropolitan,PIT,Metropolitan,UFA,4083300,4083333
Oleksy,Steve,D,PIT,PIT,Metropolitan,PIT,Metropolitan,UFA,575000,575000
Pouliot,Derrick,D,PIT,PIT,Metropolitan,PIT,Metropolitan,RFA,832500,863333
Ruhwedel,Chad,D,PIT,PIT,Metropolitan,PIT,Metropolitan,UFA,575000,575000
Schultz,Justin,D,PIT,PIT,Metropolitan,PIT,Metropolitan,RFA,1400000,1400000
Warsofsky,David,D,PIT,PIT,Metropolitan,PIT,Metropolitan,UFA,575000,575000
Archibald,Josh,F,PIT,PIT,Metropolitan,PIT,Metropolitan,RFA,667500,659167
Bonino,Nick,F,PIT,PIT,Metropolitan,PIT,Metropolitan,UFA,2100000,1900000
Crosby,Sidney,F,PIT,PIT,Metropolitan,PIT,Metropolitan,UFA,10900000,8700000
Cullen,Matt,F,PIT,PIT,Metropolitan,PIT,Metropolitan,UFA,1000000,1000000
Dea,Jean-Sebastien,F,PIT,PIT,Metropolitan,PIT,Metropolitan,RFA,575000,593333
Fehr,Eric,F,PIT/TOR,PIT,Metropolitan,TOR,Atlantic,UFA,2000000,2000000
Guentzel,Jake,F,PIT,PIT,Metropolitan,PIT,Metropolitan,RFA,667500,734167
Hagelin,Carl,F,PIT,PIT,Metropolitan,PIT,Metropolitan,UFA,3667000,4000000
Hornqvist,Patric,F,PIT,PIT,Metropolitan,PIT,Metropolitan,UFA,4750000,4250000
Kessel,Phil,F,PIT,PIT,Metropolitan,PIT,Metropolitan,UFA,9000000,8000000
Kuhnhackl,Tom,F,PIT,PIT,Metropolitan,PIT,Metropolitan,RFA,590000,625000
Kunitz,Chris,F,PIT,PIT,Metropolitan,PIT,Metropolitan,UFA,3550000,3850000
Malkin,Evgeni,F,PIT,PIT,Metropolitan,PIT,Metropolitan,UFA,9500000,9500000
Porter,Kevin,F,PIT,PIT,Metropolitan,PIT,Metropolitan,UFA,575000,575000
Rowney,Carter,F,PIT,PIT,Metropolitan,PIT,Metropolitan,UFA,575000,612500
Rust,Bryan,F,PIT,PIT,Metropolitan,PIT,Metropolitan,RFA,620000,640000
Sestito,Tom,F,PIT,PIT,Metropolitan,PIT,Metropolitan,UFA,575000,575000
Sheary,Conor,F,PIT,PIT,Metropolitan,PIT,Metropolitan,RFA,667500,667500
Simon,Dominik,F,PIT,PIT,Metropolitan,PIT,Metropolitan,RFA,667500,692500
Sundqvist,Oskar,F,PIT,PIT,Metropolitan,PIT,Metropolitan,RFA,792500,700833
Wilson,Scott,F,PIT,PIT,Metropolitan,PIT,Metropolitan,RFA,590000,625000
Condon,Mike,G,"PIT, OTT",PIT,Metropolitan,OTT,Atlantic,UFA,575000,575000
Fleury,Marc-Andre,G,PIT,PIT,Metropolitan,PIT,Metropolitan,UFA,5750000,5750000
Jarry,Tristan,G,PIT,PIT,Metropolitan,PIT,Metropolitan,RFA,575000,630833
Murray,Matt,G,PIT,PIT,Metropolitan,PIT,Metropolitan,RFA,575000,628333
Alzner,Karl,D,WSH,WSH,Metropolitan,WSH,Metropolitan,UFA,2800000,2800000
Carlson,John,D,WSH,WSH,Metropolitan,WSH,Metropolitan,UFA,4000000,3966667
Chorney,Taylor,D,WSH,WSH,Metropolitan,WSH,Metropolitan,UFA,775000,800000
Ness,Aaron,D,WSH,WSH,Metropolitan,WSH,Metropolitan,UFA,575000,612500
Niskanen,Matt,D,WSH,WSH,Metropolitan,WSH,Metropolitan,UFA,5750000,5750000
Orlov,Dmitry,D,WSH,WSH,Metropolitan,WSH,Metropolitan,RFA,2570000,2570000
Orpik,Brooks,D,WSH,WSH,Metropolitan,WSH,Metropolitan,UFA,5500000,5500000
Schmidt,Nate,D,WSH,WSH,Metropolitan,WSH,Metropolitan,RFA,875000,812500
Backstrom,Nicklas,F,WSH,WSH,Metropolitan,WSH,Metropolitan,UFA,7000000,6700000
Barber,Riley,F,WSH,WSH,Metropolitan,WSH,Metropolitan,RFA,667500,692500
Beagle,Jay,F,WSH,WSH,Metropolitan,WSH,Metropolitan,UFA,1750000,1750000
Burakovsky,Andre,F,WSH,WSH,Metropolitan,WSH,Metropolitan,RFA,832500,894167
Carey,Paul,F,WSH,WSH,Metropolitan,WSH,Metropolitan,UFA,575000,575000
Connolly,Brett,F,WSH,WSH,Metropolitan,WSH,Metropolitan,RFA,850000,850000
Eller,Lars,F,WSH,WSH,Metropolitan,WSH,Metropolitan,UFA,4250000,3500000
Johansson,Marcus,F,WSH,WSH,Metropolitan,WSH,Metropolitan,UFA,4250000,4583333
Kuznetsov,Evgeny,F,WSH,WSH,Metropolitan,WSH,Metropolitan,RFA,3400000,3000000
Mitchell,Garrett,F,WSH,WSH,Metropolitan,WSH,Metropolitan,UFA,600000,587500
O'Brien,Liam,F,WSH,WSH,Metropolitan,WSH,Metropolitan,RFA,630000,621667
Oshie,T.J.,F,WSH,WSH,Metropolitan,WSH,Metropolitan,UFA,4500000,4175000
Ovechkin,Alex,F,WSH,WSH,Metropolitan,WSH,Metropolitan,UFA,10000000,9538462
Stephenson,Chandler,F,WSH,WSH,Metropolitan,WSH,Metropolitan,RFA,842500,725833
Vrana,Jakub,F,WSH,WSH,Metropolitan,WSH,Metropolitan,RFA,925000,863333
Williams,Justin,F,WSH,WSH,Metropolitan,WSH,Metropolitan,UFA,3250000,3250000
Wilson,Tom,F,WSH,WSH,Metropolitan,WSH,Metropolitan,RFA,1750000,2000000
Winnik,Daniel,F,WSH,WSH,Metropolitan,WSH,Metropolitan,UFA,1800000,2250000
Grubauer,Philipp,G,WSH,WSH,Metropolitan,WSH,Metropolitan,RFA,850000,750000
Holtby,Braden,G,WSH,WSH,Metropolitan,WSH,Metropolitan,UFA,7000000,6100000
Bieksa,Kevin,D,ANA,ANA,Pacific,ANA,Pacific,UFA,4000000,4000000
Despres,Simon,D,ANA,ANA,Pacific,ANA,Pacific,UFA,2600000,3700000
Fowler,Cam,D,ANA,ANA,Pacific,ANA,Pacific,UFA,4000000,4000000
Holzer,Korbinian,D,ANA,ANA,Pacific,ANA,Pacific,UFA,700000,700000
Larsson,Jacob,D,ANA,ANA,Pacific,ANA,Pacific,RFA,925000,925000
Lindholm,Hampus,D,ANA,ANA,Pacific,ANA,Pacific,UFA,3000000,5713415
Manson,Josh,D,ANA,ANA,Pacific,ANA,Pacific,RFA,825000,825000
Megna,Jaycob,D,ANA,ANA,Pacific,ANA,Pacific,RFA,925000,786667
Montour,Brandon,D,ANA,ANA,Pacific,ANA,Pacific,RFA,925000,925000
Stoner,Clayton,D,ANA,ANA,Pacific,ANA,Pacific,UFA,3250000,3250000
Theodore,Shea,D,ANA,ANA,Pacific,ANA,Pacific,RFA,832500,863333
Vatanen,Sami,D,ANA,ANA,Pacific,ANA,Pacific,UFA,5000000,4875000
Boll,Jared,F,ANA,ANA,Pacific,ANA,Pacific,UFA,900000,900000
Cogliano,Andrew,F,ANA,ANA,Pacific,ANA,Pacific,UFA,3100000,3000000
Cramarossa,Joseph,F,ANA/VAN,ANA,Pacific,VAN,Pacific,RFA,724500,724500
Eaves,Patrick,F,ANA/DAL,ANA,Pacific,DAL,Central,UFA,1000000,1000000
Etem,Emerson,F,ANA,ANA,Pacific,ANA,Pacific,RFA,775000,775000
Garbutt,Ryan,F,ANA,ANA,Pacific,ANA,Pacific,UFA,2000000,1800000
Getzlaf,Ryan,F,ANA,ANA,Pacific,ANA,Pacific,UFA,9250000,8250000
Kase,Ondrej,F,ANA,ANA,Pacific,ANA,Pacific,RFA,645000,670000
Kerdiles,Nicolas,F,ANA,ANA,Pacific,ANA,Pacific,RFA,925000,925000
Kesler,Ryan,F,ANA,ANA,Pacific,ANA,Pacific,UFA,7875000,6875000
Kossila,Kalle,F,ANA,ANA,Pacific,ANA,Pacific,RFA,925000,925000
Noesen,Stefan,F,ANA/NJD,ANA,Pacific,NJD,Metropolitan,RFA,600000,600000
Perry,Corey,F,ANA,ANA,Pacific,ANA,Pacific,UFA,10000000,8625000
Rakell,Rickard,F,ANA,ANA,Pacific,ANA,Pacific,UFA,3800000,3853672
Ritchie,Nick,F,ANA,ANA,Pacific,ANA,Pacific,RFA,925000,894167
Sgarbossa,Michael,F,ANA/FLA,ANA,Pacific,FLA,Atlantic,RFA,600000,600000
Shaw,Logan,F,ANA,ANA,Pacific,ANA,Pacific,RFA,660000,660000
Silfverberg,Jakob,F,ANA,ANA,Pacific,ANA,Pacific,UFA,3000000,3750000
Sorensen,Nick,F,ANA,ANA,Pacific,ANA,Pacific,RFA,925000,803333
Thompson,Nate,F,ANA,ANA,Pacific,ANA,Pacific,UFA,1700000,1600000
Tropp,Corey,F,ANA,ANA,Pacific,ANA,Pacific,UFA,600000,625000
Vermette,Antoine,F,ANA,ANA,Pacific,ANA,Pacific,UFA,1750000,1750000
Wagner,Chris,F,ANA,ANA,Pacific,ANA,Pacific,UFA,625000,637500
Bernier,Jonathan,G,ANA,ANA,Pacific,ANA,Pacific,UFA,4150000,4150000
Gibson,John,G,ANA,ANA,Pacific,ANA,Pacific,RFA,1500000,2300000
Chychrun,Jakob,D,ARI,ARI,Pacific,ARI,Pacific,RFA,925000,925000
Connauton,Kevin,D,ARI,ARI,Pacific,ARI,Pacific,UFA,950000,1000000
Deangelo,Anthony,D,ARI,ARI,Pacific,ARI,Pacific,RFA,925000,863333
Ekman-Larsson,Oliver,D,ARI,ARI,Pacific,ARI,Pacific,UFA,6000000,5500000
Goligoski,Alex,D,ARI,ARI,Pacific,ARI,Pacific,UFA,5375000,5475000
McBain,Jamie,D,ARI,ARI,Pacific,ARI,Pacific,UFA,650000,650000
Michalek,Zbynek,D,ARI,ARI,Pacific,ARI,Pacific,UFA,3200000,3200000
Murphy,Connor,D,ARI,ARI,Pacific,ARI,Pacific,UFA,2400000,3850000
Schenn,Luke,D,ARI,ARI,Pacific,ARI,Pacific,UFA,1000000,1250000
Stone,Michael,D,ARI/CGY,ARI,Pacific,CGY,Pacific,UFA,4000000,4000000
Burmistrov,Alex,F,ARI/WPG,ARI,Pacific,WPG,Central,RFA,1600000,1550000
Crouse,Lawson,F,ARI,ARI,Pacific,ARI,Pacific,RFA,925000,894167
Dauphin,Laurent,F,ARI,ARI,Pacific,ARI,Pacific,RFA,767500,745000
Doan,Shane,F,ARI,ARI,Pacific,ARI,Pacific,UFA,3876134,3876134
Domi,Max,F,ARI,ARI,Pacific,ARI,Pacific,RFA,832500,863333
Duclair,Anthony,F,ARI,ARI,Pacific,ARI,Pacific,RFA,832500,772500
Dvorak,Christian,F,ARI,ARI,Pacific,ARI,Pacific,RFA,792500,839167
Fischer,Christian,F,ARI,ARI,Pacific,ARI,Pacific,RFA,817500,852500
Gaudet,Tyler,F,ARI,ARI,Pacific,ARI,Pacific,RFA,874125,874125
Hanzal,Martin,F,ARI/MIN,ARI,Pacific,MIN,Central,UFA,3500000,3100000
Holland,Peter,F,ARI/TOR,ARI,Pacific,TOR,Atlantic,RFA,1300000,1300000
Jooris,Josh,F,ARI/NYR,ARI,Pacific,NYR,Metropolitan,RFA,600000,600000
Keller,Clayton,F,ARI,ARI,Pacific,ARI,Pacific,RFA,900000,916667
Martinook,Jordan,F,ARI,ARI,Pacific,ARI,Pacific,RFA,625000,612500
McGinn,Jamie,F,ARI,ARI,Pacific,ARI,Pacific,UFA,3000000,3333333
Perlini,Brendan,F,ARI,ARI,Pacific,ARI,Pacific,RFA,925000,863333
Pulkkinen,Teemu,F,ARI/MIN,ARI,Pacific,MIN,Central,RFA,812500,812500
Richardson,Brad,F,ARI,ARI,Pacific,ARI,Pacific,UFA,2250000,2083333
Rieder,Tobias,F,ARI,ARI,Pacific,ARI,Pacific,RFA,2000000,2225000
Strome,Dylan,F,ARI,ARI,Pacific,ARI,Pacific,RFA,925000,894167
Vrbata,Radim,F,ARI,ARI,Pacific,ARI,Pacific,UFA,1000000,1000000
White,Ryan,F,ARI/MIN,ARI,Pacific,MIN,Central,UFA,1000000,1000000
Domingue,Louis,G,ARI,ARI,Pacific,ARI,Pacific,RFA,1000000,1050000
Langhamer,Marek,G,ARI,ARI,Pacific,ARI,Pacific,RFA,673334,648333
Peters,Justin,G,ARI,ARI,Pacific,ARI,Pacific,UFA,600000,600000
Smith,Mike,G,ARI,ARI,Pacific,ARI,Pacific,UFA,6500000,5666667
Andersson,Rasmus,D,CGY,CGY,Pacific,CGY,Pacific,RFA,742500,786667
Bartkowski,Matt,D,CGY,CGY,Pacific,CGY,Pacific,UFA,575000,612500
Brodie,T.J.,D,CGY,CGY,Pacific,CGY,Pacific,UFA,4838000,4650400
Engelland,Deryk,D,CGY,CGY,Pacific,CGY,Pacific,UFA,2750000,2916667
Giordano,Mark,D,CGY,CGY,Pacific,CGY,Pacific,UFA,6750000,6750000
Hamilton,Dougie,D,CGY,CGY,Pacific,CGY,Pacific,UFA,5500000,5750000
Jokipakka,Jyrki,D,CGY/OTT,CGY,Pacific,OTT,Atlantic,RFA,900000,900000
Kulak,Brett,D,CGY,CGY,Pacific,CGY,Pacific,RFA,680000,656667
Wideman,Dennis,D,CGY,CGY,Pacific,CGY,Pacific,UFA,6000000,5250000
Wotherspoon,Tyler,D,CGY,CGY,Pacific,CGY,Pacific,RFA,625000,625000
Backlund,Mikael,F,CGY,CGY,Pacific,CGY,Pacific,UFA,3575000,3575000
Bennett,Sam,F,CGY,CGY,Pacific,CGY,Pacific,RFA,925000,925000
Bouma,Lance,F,CGY,CGY,Pacific,CGY,Pacific,UFA,2200000,2200000
Brouwer,Troy,F,CGY,CGY,Pacific,CGY,Pacific,UFA,4500000,4500000
Chiasson,Alex,F,CGY,CGY,Pacific,CGY,Pacific,RFA,800000,800000
Ferland,Micheal,F,CGY,CGY,Pacific,CGY,Pacific,RFA,900000,825000
Frolik,Michael,F,CGY,CGY,Pacific,CGY,Pacific,UFA,5000000,4300000
Gaudreau,Johnny,F,CGY,CGY,Pacific,CGY,Pacific,UFA,6750000,6750000
Hamilton,Freddie,F,CGY,CGY,Pacific,CGY,Pacific,RFA,575000,612500
Hathaway,Garnet,F,CGY,CGY,Pacific,CGY,Pacific,RFA,722500,690000
Jankowski,Mark,F,CGY,CGY,Pacific,CGY,Pacific,RFA,925000,925000
Lazar,Curtis,F,CGY/OTT,CGY,Pacific,OTT,Atlantic,RFA,832500,894167
Monahan,Sean,F,CGY,CGY,Pacific,CGY,Pacific,UFA,6500000,6375000
Shinkaruk,Hunter,F,CGY,CGY,Pacific,CGY,Pacific,RFA,832500,863333
Stajan,Matt,F,CGY,CGY,Pacific,CGY,Pacific,UFA,3000000,3125000
Tkachuk,Matthew,F,CGY,CGY,Pacific,CGY,Pacific,RFA,925000,925000
Versteeg,Kris,F,CGY,CGY,Pacific,CGY,Pacific,UFA,950000,950000
Vey,Linden,F,CGY,CGY,Pacific,CGY,Pacific,RFA,700000,700000
Elliott,Brian,G,CGY,CGY,Pacific,CGY,Pacific,UFA,2700000,2500000
Gillies,Jon,G,CGY,CGY,Pacific,CGY,Pacific,RFA,925000,925000
Johnson,Chad,G,CGY,CGY,Pacific,CGY,Pacific,UFA,1700000,1700000
Benning,Matthew,D,EDM,EDM,Pacific,EDM,Pacific,RFA,925000,925000
Davidson,Brandon,D,EDM/MTL,EDM,Pacific,MTL,Atlantic,RFA,1300000,1425000
Fayne,Mark,D,EDM,EDM,Pacific,EDM,Pacific,UFA,3500000,3625000
Gryba,Eric,D,EDM,EDM,Pacific,EDM,Pacific,UFA,950000,950000
Klefbom,Oscar,D,EDM,EDM,Pacific,EDM,Pacific,UFA,3000000,4167000
Larsson,Adam,D,EDM,EDM,Pacific,EDM,Pacific,UFA,3000000,4166667
Nurse,Darnell,D,EDM,EDM,Pacific,EDM,Pacific,RFA,832500,863333
Oesterle,Jordan,D,EDM,EDM,Pacific,EDM,Pacific,UFA,585000,585000
Russell,Kris,D,EDM,EDM,Pacific,EDM,Pacific,UFA,3100000,3100000
Sekera,Andrej,D,EDM,EDM,Pacific,EDM,Pacific,UFA,6500000,5500000
Simpson,Dillon,D,EDM,EDM,Pacific,EDM,Pacific,RFA,925000,836667
Beck,Taylor,F,EDM/NYR,EDM,Pacific,NYR,Metropolitan,RFA,650000,650000
Caggiula,Drake,F,EDM,EDM,Pacific,EDM,Pacific,RFA,925000,925000
Desharnais,David,F,EDM/MTL,EDM,Pacific,MTL,Atlantic,UFA,3500000,3500000
Draisaitl,Leon,F,EDM,EDM,Pacific,EDM,Pacific,RFA,925000,925000
Eberle,Jordan,F,EDM,EDM,Pacific,EDM,Pacific,UFA,6000000,6000000
Hendricks,Matt,F,EDM,EDM,Pacific,EDM,Pacific,UFA,1850000,1850000
Kassian,Zack,F,EDM,EDM,Pacific,EDM,Pacific,RFA,1500000,1500000
Khaira,Jujhar,F,EDM,EDM,Pacific,EDM,Pacific,RFA,832500,875000
Lander,Anton,F,EDM,EDM,Pacific,EDM,Pacific,RFA,1050000,987500
Letestu,Mark,F,EDM,EDM,Pacific,EDM,Pacific,UFA,1800000,1800000
Lucic,Milan,F,EDM,EDM,Pacific,EDM,Pacific,UFA,8000000,6000000
Maroon,Patrick,F,EDM,EDM,Pacific,EDM,Pacific,UFA,2000000,2000000
McDavid,Connor,F,EDM,EDM,Pacific,EDM,Pacific,RFA,925000,925000
Nugent-Hopkins,Ryan,F,EDM,EDM,Pacific,EDM,Pacific,UFA,6000000,6000000
Pakarinen,Iiro,F,EDM,EDM,Pacific,EDM,Pacific,RFA,725000,725000
Pitlick,Tyler,F,EDM,EDM,Pacific,EDM,Pacific,UFA,725000,725000
Pouliot,Benoit,F,EDM,EDM,Pacific,EDM,Pacific,UFA,4000000,4000000
Puljujarvi,Jesse,F,EDM,EDM,Pacific,EDM,Pacific,RFA,925000,925000
Slepyshev,Anton,F,EDM,EDM,Pacific,EDM,Pacific,RFA,925000,925000
Brossoit,Laurent,G,EDM,EDM,Pacific,EDM,Pacific,RFA,650000,750000
Gustavsson,Jonas,G,EDM,EDM,Pacific,EDM,Pacific,UFA,800000,800000
Talbot,Cam,G,EDM,EDM,Pacific,EDM,Pacific,UFA,4150000,4166667
Doughty,Drew,D,LAK,LAK,Pacific,LAK,Pacific,UFA,7450000,7000000
Forbort,Derek,D,LAK,LAK,Pacific,LAK,Pacific,RFA,650000,650000
Gilbert,Tom,D,LAK,LAK,Pacific,LAK,Pacific,UFA,1400000,1400000
Gravel,Kevin,D,LAK,LAK,Pacific,LAK,Pacific,RFA,667500,667500
Greene,Matt,D,LAK,LAK,Pacific,LAK,Pacific,UFA,2500000,2500000
Ladue,Paul,D,LAK,LAK,Pacific,LAK,Pacific,RFA,925000,925000
Martinez,Alec,D,LAK,LAK,Pacific,LAK,Pacific,UFA,3900000,4000000
McNabb,Brayden,D,LAK,LAK,Pacific,LAK,Pacific,UFA,1600000,1700000
Muzzin,Jake,D,LAK,LAK,Pacific,LAK,Pacific,UFA,4000000,4000000
Andreoff,Andy,F,LAK,LAK,Pacific,LAK,Pacific,RFA,600000,587500
Brodzinski,Jonny,F,LAK,LAK,Pacific,LAK,Pacific,RFA,925000,808750
Brown,Dustin,F,LAK,LAK,Pacific,LAK,Pacific,UFA,7000000,5875000
Carter,Jeff,F,LAK,LAK,Pacific,LAK,Pacific,UFA,7000000,5272727
Clifford,Kyle,F,LAK,LAK,Pacific,LAK,Pacific,UFA,1250000,1600000
Dowd,Nic,F,LAK,LAK,Pacific,LAK,Pacific,UFA,630000,640000
Gaborik,Marian,F,LAK,LAK,Pacific,LAK,Pacific,UFA,6075000,4875000
Kempe,Adrian,F,LAK,LAK,Pacific,LAK,Pacific,RFA,925000,894167
King,Dwight,F,LAK/MTL,LAK,Pacific,MTL,Atlantic,UFA,2100000,1950000
Kopitar,Anze,F,LAK,LAK,Pacific,LAK,Pacific,UFA,14000000,10000000
Lewis,Trevor,F,LAK,LAK,Pacific,LAK,Pacific,UFA,2000000,2000000
Nolan,Jordan,F,LAK,LAK,Pacific,LAK,Pacific,UFA,1000000,950000
Pearson,Tanner,F,LAK,LAK,Pacific,LAK,Pacific,RFA,1550000,1400000
Purcell,Teddy,F,LAK,LAK,Pacific,LAK,Pacific,UFA,1600000,1600000
Setoguchi,Devin,F,LAK,LAK,Pacific,LAK,Pacific,UFA,575000,575000
Shore,Nick,F,LAK,LAK,Pacific,LAK,Pacific,RFA,600000,600000
Toffoli,Tyler,F,LAK,LAK,Pacific,LAK,Pacific,RFA,3900000,3250000
Budaj,Peter,G,"LAK, TBL",LAK,Pacific,TBL,Atlantic,UFA,600000,600000
Quick,Jonathan,G,LAK,LAK,Pacific,LAK,Pacific,UFA,7000000,5800000
Zatkoff,Jeff,G,LAK,LAK,Pacific,LAK,Pacific,UFA,900000,900000
Braun,Justin,D,SJS,SJS,Pacific,SJS,Pacific,UFA,3800000,3800000
Burns,Brent,D,SJS,SJS,Pacific,SJS,Pacific,UFA,5760000,5760000
Demelo,Dylan,D,SJS,SJS,Pacific,SJS,Pacific,RFA,600000,650000
Dillon,Brenden,D,SJS,SJS,Pacific,SJS,Pacific,UFA,2750000,3270000
Heed,Tim,D,SJS,SJS,Pacific,SJS,Pacific,UFA,775000,775000
Martin,Paul,D,SJS,SJS,Pacific,SJS,Pacific,UFA,5000000,4850000
Mueller,Mirco,D,SJS,SJS,Pacific,SJS,Pacific,RFA,832500,894167
Schlemko,David,D,SJS,SJS,Pacific,SJS,Pacific,UFA,2500000,2100000
Vlasic,Marc-Edouard,D,SJS,SJS,Pacific,SJS,Pacific,UFA,4250000,4250000
Boedker,Mikkel,F,SJS,SJS,Pacific,SJS,Pacific,UFA,5200000,4000000
Carpenter,Ryan,F,SJS,SJS,Pacific,SJS,Pacific,UFA,600000,600000
Couture,Logan,F,SJS,SJS,Pacific,SJS,Pacific,UFA,6000000,6000000
Donskoi,Joonas,F,SJS,SJS,Pacific,SJS,Pacific,RFA,925000,925000
Goldobin,Nikolay,F,SJS/VAN,SJS,Pacific,VAN,Pacific,RFA,925000,863333
Goodrow,Barclay,F,SJS,SJS,Pacific,SJS,Pacific,RFA,635000,626667
Haley,Micheal,F,SJS,SJS,Pacific,SJS,Pacific,UFA,625000,625000
Hansen,Jannik,F,SJS/VAN,SJS,Pacific,VAN,Pacific,UFA,3000000,2500000
Hertl,Tomas,F,SJS,SJS,Pacific,SJS,Pacific,RFA,2800000,3000000
Karlsson,Melker,F,SJS,SJS,Pacific,SJS,Pacific,RFA,1850000,1650000
Labanc,Kevin,F,SJS,SJS,Pacific,SJS,Pacific,RFA,667500,717500
Marleau,Patrick,F,SJS,SJS,Pacific,SJS,Pacific,UFA,6500000,6666667
Meier,Timo,F,SJS,SJS,Pacific,SJS,Pacific,RFA,925000,894167
O'Regan,Daniel,F,SJS,SJS,Pacific,SJS,Pacific,RFA,792500,858750
Pavelski,Joe,F,SJS,SJS,Pacific,SJS,Pacific,UFA,6000000,6000000
Thornton,Joe,F,SJS,SJS,Pacific,SJS,Pacific,UFA,6750000,6750000
Tierney,Chris,F,SJS,SJS,Pacific,SJS,Pacific,RFA,700000,711667
Ward,Joel,F,SJS,SJS,Pacific,SJS,Pacific,UFA,3275000,3275000
Dell,Aaron,G,SJS,SJS,Pacific,SJS,Pacific,UFA,575000,625000
Jones,Martin,G,SJS,SJS,Pacific,SJS,Pacific,UFA,3000000,3000000
Biega,Alex,D,VAN,VAN,Pacific,VAN,Pacific,UFA,700000,750000
Edler,Alex,D,VAN,VAN,Pacific,VAN,Pacific,UFA,6000000,5000000
Gudbranson,Erik,D,VAN,VAN,Pacific,VAN,Pacific,RFA,3500000,3500000
Hutton,Ben,D,VAN,VAN,Pacific,VAN,Pacific,RFA,925000,896250
Larsen,Philip,D,VAN,VAN,Pacific,VAN,Pacific,UFA,1025000,1025000
McEneny,Evan,D,VAN,VAN,Pacific,VAN,Pacific,RFA,575000,585000
Sbisa,Luca,D,VAN,VAN,Pacific,VAN,Pacific,UFA,3600000,3600000
Stecher,Troy,D,VAN,VAN,Pacific,VAN,Pacific,RFA,925000,925000
Tanev,Chris,D,VAN,VAN,Pacific,VAN,Pacific,UFA,3500000,4450000
Tryamkin,Nikita,D,VAN,VAN,Pacific,VAN,Pacific,RFA,925000,925000
Baertschi,Sven,F,VAN,VAN,Pacific,VAN,Pacific,RFA,1700000,1850000
Boeser,Brock,F,VAN,VAN,Pacific,VAN,Pacific,RFA,925000,925000
Chaput,Michael,F,VAN,VAN,Pacific,VAN,Pacific,RFA,600000,600000
Dorsett,Derek,F,VAN,VAN,Pacific,VAN,Pacific,UFA,2500000,2650000
Eriksson,Loui,F,VAN,VAN,Pacific,VAN,Pacific,UFA,8000000,6000000
Gaunce,Brendan,F,VAN,VAN,Pacific,VAN,Pacific,RFA,832500,863333
Granlund,Markus,F,VAN,VAN,Pacific,VAN,Pacific,RFA,850000,900000
Grenier,Alex,F,VAN,VAN,Pacific,VAN,Pacific,UFA,600000,600000
Horvat,Bo,F,VAN,VAN,Pacific,VAN,Pacific,RFA,832500,894167
Labate,Joseph,F,VAN,VAN,Pacific,VAN,Pacific,RFA,680000,680000
Megna,Jayson,F,VAN,VAN,Pacific,VAN,Pacific,UFA,600000,600000
Molino,Griffen,F,VAN,VAN,Pacific,VAN,Pacific,RFA,925000,925000
Rendulic,Borna,F,VAN,VAN,Pacific,VAN,Pacific,UFA,575000,575000
Rodin,Anton,F,VAN,VAN,Pacific,VAN,Pacific,RFA,950000,950000
Sedin,Daniel,F,VAN,VAN,Pacific,VAN,Pacific,UFA,7000000,7000000
Sedin,Henrik,F,VAN,VAN,Pacific,VAN,Pacific,UFA,7000000,7000000
Shore,Drew,F,VAN,VAN,Pacific,VAN,Pacific,RFA,600000,600000
Skille,Jack,F,VAN,VAN,Pacific,VAN,Pacific,UFA,700000,700000
Sutter,Brandon,F,VAN,VAN,Pacific,VAN,Pacific,UFA,4250000,4375000
Virtanen,Jake,F,VAN,VAN,Pacific,VAN,Pacific,RFA,925000,894167
Zalewski,Michael,F,VAN,VAN,Pacific,VAN,Pacific,RFA,632500,632500
Bachman,Richard,G,VAN,VAN,Pacific,VAN,Pacific,UFA,575000,575000
Markstrom,Jacob,G,VAN,VAN,Pacific,VAN,Pacific,UFA,1600000,1550000
Miller,Ryan,G,VAN,VAN,Pacific,VAN,Pacific,UFA,6000000,6000000
