Player Id,Age,Nationality,Over All Draft,Last Name,First Name,Position,Team,GP,Goals,Assists,Points,PlusMinus,PIM,GWG,Status,Salary
8476805,29,CAN,,Abbott,Spencer,LW,CHI,1,0,0,0,0,0,0,UFA,575000
8471716,30,USA,42,Abdelkader,Justin,LW/RW,DET,64,7,14,21,-20,50,1,UFA,5500000
8476857,24,SWE,37,Aberg,Pontus,LW,NSH,15,1,1,2,-2,4,0,RFA,842500
8478569,26,USA,,Acciari,Noel,C,BOS,29,2,3,5,3,16,0,RFA,892500
8475844,25,USA,140,Agostino,Kenny,LW,STL,7,1,2,3,0,2,0,UFA,625000
8478427,20,FIN,35,Aho,Sebastian,RW/LW,CAR,82,24,25,49,-1,26,4,RFA,925000
8473991,29,CAN,5,Alzner,Karl,D,WSH,82,3,10,13,23,28,0,UFA,2800000
8476981,23,CAN,95,Anderson,Josh,RW,CBJ,78,17,12,29,12,89,3,RFA,700000
8478397,21,SWE,53,Andersson,Rasmus,D,CGY,1,0,0,0,-1,0,0,RFA,742500
8476404,26,CAN,80,Andreoff,Andy,LW/C,L.A,36,0,2,2,-2,70,0,RFA,600000
8477413,24,CHE,86,Andrighetto,Sven,RW,COL/MTL,46,7,17,24,1,12,0,RFA,650000
8473573,29,RUS,54,Anisimov,Artem,C/LW,CHI,64,22,23,45,9,30,7,UFA,5750000
8476326,25,CAN,174,Archibald,Josh,RW,PIT,10,3,0,3,3,4,0,RFA,667500
8476469,24,FIN,16,Armia,Joel,RW,WPG,57,10,9,19,-8,20,1,RFA,875000
8478042,24,SWE,112,Arvidsson,Viktor,LW/RW,NSH,80,31,30,61,16,28,6,RFA,640000
8476960,23,CAN,110,Athanasiou,Andreas,C,DET,64,18,11,29,-7,28,3,RFA,575000
8474715,28,USA,157,Atkinson,Cam,RW,CBJ,82,35,27,62,13,22,9,UFA,3500000
8477041,24,CAN,193,Austin,Brady,D,BUF,5,0,0,0,0,4,0,RFA,635000
8479483,28,FRA,,Auvitu,Yohann,D/LW,N.J,25,2,2,4,1,2,0,RFA,792500
8470655,33,USA,62,Backes,David,RW/C,BOS,74,17,21,38,2,69,2,UFA,8000000
8474150,28,SWE,24,Backlund,Mikael,C,CGY,81,22,31,53,9,36,7,UFA,3575000
8473563,30,SWE,4,Backstrom,Nicklas,C,WSH,82,23,63,86,17,38,5,UFA,7000000
8476466,25,CHE,13,Baertschi,Sven,LW,VAN,68,18,17,35,-6,8,5,RFA,1700000
8478376,26,USA,,Bailey,Casey,RW/C,OTT,7,0,0,0,-1,0,0,UFA,874125
8474573,28,CAN,9,Bailey,Josh,RW/LW/C,NYI,82,13,43,56,5,12,1,UFA,3700000
8477473,22,USA,52,Bailey,Justin,RW,BUF,32,2,2,4,0,4,1,RFA,692500
8477491,22,CAN,69,Baptiste,Nicholas,RW,BUF,14,3,1,4,1,6,0,RFA,740000
8477964,22,RUS,33,Barbashev,Ivan,C,STL,30,5,7,12,5,2,1,RFA,742500
8477003,23,USA,167,Barber,Riley,RW,WSH,3,0,0,0,0,0,0,RFA,667500
8474717,27,CAN,152,Barberio,Mark,D,COL/MTL,60,2,11,13,-5,14,0,UFA,800000
8477493,22,FIN,2,Barkov,Aleksander,C,FLA,61,21,31,52,13,10,5,UFA,4500000
8475197,26,CAN,64,Barrie,Tyson,D,COL,74,7,31,38,-34,18,2,UFA,5000000
8474749,29,USA,190,Bartkowski,Matt,D,CGY,24,1,1,2,-4,26,0,UFA,575000
8478445,20,CAN,16,Barzal,Mathew,C,NYI,2,0,0,0,-2,6,0,RFA,925000
8471760,30,CAN,95,Bass,Cody,C,NSH,9,0,0,0,-1,19,0,UFA,575000
8474291,32,CAN,,Beagle,Jay,C/RW,WSH,81,13,17,30,20,22,4,UFA,1750000
8467400,37,CAN,75,Beauchemin,Francois,D,COL,81,5,13,18,-14,32,1,UFA,4500000
8476470,25,CAN,17,Beaulieu,Nathan,D,MTL,74,4,24,28,8,44,1,RFA,1000000
8478463,20,CAN,28,Beauvillier,Anthony,C/LW,NYI,66,9,15,24,1,10,2,RFA,925000
8475192,26,CAN,70,Beck,Taylor,LW,EDM/NYR,5,0,0,0,-3,4,0,RFA,650000
8473492,29,CAN,112,Beleskey,Matt,LW,BOS,49,3,5,8,-10,47,0,UFA,4000000
8477930,32,FRA,,Bellemare,Pierre-Edouard,LW/C,PHI,82,4,4,8,-1,20,0,UFA,725000
8473994,28,CAN,129,Benn,Jamie,LW,DAL,77,26,43,69,-9,66,4,UFA,5750000
8474818,30,CAN,,Benn,Jordie,D,DAL/MTL,71,4,13,17,-4,28,1,UFA,1100000
8475761,26,USA,20,Bennett,Beau,RW/LW,N.J,65,8,11,19,-3,20,1,RFA,725000
8477935,21,CAN,4,Bennett,Sam,C,CGY,81,13,13,26,-16,75,0,RFA,925000
8476988,23,CAN,175,Benning,Matthew,D,EDM,62,3,12,15,8,29,0,RFA,925000
8470638,32,CAN,45,Bergeron,Patrice,C,BOS,79,21,32,53,12,24,7,UFA,8750000
8473534,29,SWE,25,Berglund,Patrik,C/LW,STL,82,23,11,34,-7,32,5,UFA,3700000
8477006,23,CHE,158,Bertschy,Christoph,C,MIN,5,0,1,1,0,4,0,RFA,742500
8477479,22,CAN,58,Bertuzzi,Tyler,LW,DET,7,0,0,0,-1,0,0,RFA,667500
8471254,31,CAN,41,Bickell,Bryan,LW,CAR,11,1,0,1,-4,4,1,,
8473415,29,CAN,147,Biega,Alex,D,VAN,36,0,3,3,-4,18,0,UFA,700000
8469598,36,CAN,151,Bieksa,Kevin,D,ANA,81,3,11,14,0,63,1,UFA,4000000
8475868,27,USA,168,Bitetto,Anthony,D,NSH,29,0,7,7,-1,25,0,UFA,575000
8477416,22,DNK,89,Bjorkstrand,Oliver,RW,CBJ,26,6,7,13,4,6,2,RFA,600000
8475760,25,USA,19,Bjugstad,Nick,C,FLA,54,7,7,14,-19,22,1,UFA,3350000
8477010,23,CAN,162,Blandisi,Joseph,LW/C,N.J,27,3,6,9,-10,26,2,RFA,715000
8477320,22,SWE,180,Blidh,Anton,LW,BOS,19,1,1,2,-2,7,0,RFA,792500
8471663,31,CAN,43,Blunden,Mike,RW,OTT,2,0,0,0,0,4,0,UFA,725000
8474571,28,DNK,8,Boedker,Mikkel,LW/RW,S.J,81,10,16,26,0,10,2,UFA,5200000
8478444,20,USA,23,Boeser,Brock,RW,VAN,9,4,1,5,0,0,1,RFA,925000
8474567,27,USA,3,Bogosian,Zach,D,BUF,56,2,9,11,-17,46,1,UFA,5250000
8471766,31,USA,101,Boll,Jared,RW,ANA,51,0,3,3,-3,87,0,UFA,900000
8474009,29,USA,173,Bonino,Nick,C,PIT,80,18,19,37,-5,16,1,UFA,2100000
8474697,28,CAN,139,Borowiecki,Mark,D,OTT,70,1,2,3,-3,154,0,UFA,1100000
8474145,28,CAN,78,Bortuzzo,Robert,D,STL,38,1,3,4,11,15,0,UFA,1050000
8476423,24,USA,99,Boucher,Reid,C/LW,N.J/NSH/VAN,39,6,4,10,-6,8,0,RFA,715000
8474642,27,CAN,78,Bouma,Lance,C/LW/RW,CGY,61,3,4,7,-2,35,1,UFA,2200000
8475739,25,CAN,71,Bournival,Michael,LW,T.B,19,2,1,3,-3,2,0,RFA,575000
8475268,27,CAN,132,Bourque,Gabriel,LW/RW,COL,6,0,0,0,0,0,0,UFA,800000
8471504,36,CAN,,Bourque,Rene,RW/LW,COL,65,12,6,18,-19,56,2,UFA,650000
8470151,34,CAN,3,Bouwmeester,Jay,D,STL,81,1,14,15,6,28,0,UFA,5600000
8470187,33,CAN,61,Boychuk,Johnny,D,NYI,66,6,17,23,11,19,2,UFA,7000000
8470619,33,USA,26,Boyle,Brian,C/LW,T.B/TOR,75,13,12,25,3,66,2,UFA,2000000
8475098,31,CAN,,Bozak,Tyler,C,TOR,78,18,37,55,-1,30,1,UFA,4500000
8473544,30,CAN,6,Brassard,Derick,C,OTT,81,14,25,39,12,24,3,UFA,5000000
8474027,30,USA,201,Braun,Justin,D,S.J,81,4,9,13,1,28,0,UFA,3800000
8474673,27,CAN,114,Brodie,T.J.,D,CGY,82,6,30,36,-16,24,2,UFA,4838000
8476463,24,SWE,10,Brodin,Jonas,D,MIN,68,3,22,25,5,20,2,UFA,4000000
8470803,33,CAN,214,Brodziak,Kyle,C,STL,69,8,7,15,2,27,2,UFA,1000000
8477380,24,USA,148,Brodzinski,Jonny,C,L.A,6,0,2,2,2,2,0,RFA,925000
8471426,32,CAN,214,Brouwer,Troy,RW,CGY,74,13,12,25,-11,31,2,UFA,4500000
8477015,23,CAN,156,Brown,Connor,RW,TOR,82,20,16,36,3,10,4,RFA,650000
8470606,33,USA,13,Brown,Dustin,RW/LW,L.A,80,14,22,36,-4,22,1,UFA,7000000
8476806,27,USA,,Brown,J.T.,RW,T.B,64,3,3,6,-7,73,1,UFA,1250000
8477887,25,USA,,Brown,Patrick,C,CAR,14,0,0,0,-6,0,0,UFA,650000
8477402,22,RUS,75,Buchnevich,Pavel,RW/LW,NYR,41,8,12,20,6,13,0,RFA,925000
8477444,22,SWE,23,Burakovsky,Andre,LW/C,WSH,64,12,23,35,13,14,1,RFA,832500
8475982,29,USA,,Burgdoerfer,Erik,D,BUF,2,0,0,0,-1,0,0,UFA,575000
8475788,26,RUS,8,Burmistrov,Alex,C/RW,ARI/WPG,49,5,11,16,-7,12,0,RFA,1600000
8470613,32,CAN,20,Burns,Brent,D/RW,S.J,82,29,47,76,19,40,6,UFA,5760000
8470358,36,CAN,,Burrows,Alex,LW/RW,OTT/VAN,75,15,16,31,3,62,2,UFA,3000000
8471761,31,USA,96,Butler,Chris,D,STL,1,0,0,0,0,0,0,UFA,600000
8470834,32,USA,245,Byfuglien,Dustin,D/RW,WPG,80,13,39,52,10,117,1,UFA,8000000
8474038,28,CAN,179,Byron,Paul,LW/C/RW,MTL,81,22,21,43,21,29,6,UFA,1300000
8479465,23,CAN,,Caggiula,Drake,LW/C,EDM,60,7,11,18,3,16,2,RFA,925000
8475296,26,USA,180,Callahan,Mitch,RW,DET,4,0,0,0,0,0,0,UFA,600000
8471339,32,USA,127,Callahan,Ryan,RW,T.B,18,2,2,4,-4,23,1,UFA,6500000
8474685,28,CAN,127,Calvert,Matt,LW,CBJ,65,10,5,15,-4,48,1,UFA,2200000
8469500,35,CAN,49,Cammalleri,Mike,LW/C,N.J,61,10,21,31,-9,21,3,UFA,5000000
8466285,38,CAN,156,Campbell,Brian,D,CHI,80,5,12,17,12,24,1,UFA,1500000
8476219,31,USA,,Cannone,Patrick,C,MIN,3,0,0,0,0,0,0,UFA,600000
8474008,29,USA,135,Carey,Paul,C,WSH,6,0,0,0,-2,0,0,UFA,575000
8470640,33,USA,47,Carle,Matt,D,NSH,6,0,1,1,-1,0,0,,
8478443,21,USA,37,Carlo,Brandon,D,BOS,82,6,10,16,9,59,0,RFA,717500
8474590,27,USA,27,Carlson,John,D,WSH,72,9,28,37,7,10,3,UFA,4000000
8478506,20,SWE,29,Carlsson,Gabriel,D,CBJ,2,0,1,1,-2,0,0,RFA,925000
8477846,26,USA,,Carpenter,Ryan,C,S.J,11,2,2,4,5,4,0,UFA,600000
8477901,26,CAN,,Carr,Daniel,LW,MTL,33,2,7,9,4,6,1,RFA,725000
8476941,23,USA,137,Carrick,Connor,D,TOR,67,2,6,8,8,51,0,RFA,650000
8478851,21,CAN,115,Carrier,Alex,D,NSH,2,0,0,0,1,0,0,RFA,640000
8477478,23,CAN,57,Carrier,William,LW,BUF,41,5,3,8,-1,21,1,RFA,650000
8470604,32,CAN,11,Carter,Jeff,C/RW,L.A,82,32,34,66,2,41,9,UFA,7000000
8476879,24,CAN,15,Ceci,Cody,D,OTT,79,2,15,17,-11,20,0,RFA,2250000
8477417,22,SVK,90,Cehlarik,Peter,LW/RW,BOS,11,0,2,2,0,0,0,RFA,692500
8478469,20,CAN,18,Chabot,Thomas,D,OTT,1,0,0,0,-2,0,0,RFA,925000
8475808,25,CAN,89,Chaput,Michael,C,VAN,68,4,5,9,-12,29,0,RFA,600000
8465009,40,SVK,56,Chara,Zdeno,D,BOS,75,9,19,29,18,59,0,UFA,5000000
8475279,26,CAN,120,Chiarot,Ben,D,WPG,59,2,10,12,2,33,0,RFA,850000
8475163,27,CAN,38,Chiasson,Alex,RW,CGY,81,12,12,24,-6,46,1,RFA,800000
8466251,38,CAN,121,Chimera,Jason,LW/RW,NYI,82,20,13,33,1,40,2,UFA,2000000
8471710,30,USA,36,Chorney,Taylor,D,WSH,18,1,4,5,8,11,1,UFA,775000
8479345,19,USA,16,Chychrun,Jakob,D,ARI,68,7,13,20,-14,47,0,RFA,925000
8475231,26,CAN,92,Cizikas,Casey,C,NYI,59,8,17,25,9,30,1,UFA,2500000
8476368,25,SWE,126,Claesson,Fredrik,D,OTT,33,3,8,11,5,4,0,RFA,700000
8476431,25,USA,36,Clendening,Adam,D,NYR,31,2,9,11,3,17,0,RFA,600000
8475160,26,CAN,35,Clifford,Kyle,LW/C,L.A,73,6,6,12,-2,92,0,UFA,1250000
8473504,30,CAN,72,Clutterbuck,Cal,RW,NYI,66,5,15,20,2,28,1,UFA,3500000
8470601,32,CAN,8,Coburn,Braydon,D,T.B,80,5,7,12,-1,50,0,UFA,3700000
8471699,30,CAN,25,Cogliano,Andrew,LW/C/RW,ANA,82,16,19,35,11,26,2,UFA,3100000
8474577,27,CAN,16,Colborne,Joe,C/LW/RW,COL,62,4,4,8,-21,34,0,UFA,2500000
8474013,28,USA,18,Cole,Ian,D,PIT,81,5,21,26,26,72,1,UFA,2300000
8476399,26,USA,75,Coleman,Blake,C/LW,N.J,23,1,1,2,-7,27,0,RFA,692500
8471260,31,CAN,47,Comeau,Blake,LW/RW,COL,77,8,12,20,-19,58,1,UFA,2400000
8477456,22,USA,35,Compher,J.T.,LW/C,COL,21,3,2,5,0,4,1,RFA,925000
8476195,28,CAN,,Conacher,Cory,C/LW,T.B,11,1,3,4,0,4,0,UFA,575000
8473588,31,USA,211,Condra,Erik,RW,T.B,13,0,0,0,-4,4,0,UFA,1250000
8475246,27,CAN,83,Connauton,Kevin,D,ARI,24,0,1,1,-1,24,0,UFA,950000
8475792,25,CAN,6,Connolly,Brett,RW/LW,WSH,66,15,8,23,20,40,3,RFA,850000
8478398,21,USA,17,Connor,Kyle,LW,WPG,20,2,3,5,-7,4,1,RFA,925000
8477429,23,USA,104,Copp,Andrew,C,WPG,64,9,8,17,8,18,1,RFA,925000
8476302,24,CAN,150,Corrado,Frank,D,PIT/TOR,4,0,0,0,-1,8,0,RFA,600000
8476393,24,CAN,68,Cousins,Nick,C/LW,PHI,60,6,10,16,-6,31,0,RFA,840000
8474053,28,CAN,9,Couture,Logan,C/LW,S.J,73,25,27,52,11,12,3,UFA,6000000
8476461,25,CAN,8,Couturier,Sean,C,PHI,66,14,20,34,12,33,2,UFA,3750000
8475745,25,USA,28,Coyle,Charlie,C/RW,MIN,82,18,38,56,13,36,5,UFA,2600000
8471490,32,CAN,279,Cracknell,Adam,RW/C,DAL,69,10,6,16,9,12,2,UFA,600000
8476390,25,CAN,65,Cramarossa,Joseph,C/LW,ANA/VAN,59,4,6,10,0,60,1,RFA,724500
8471675,30,CAN,1,Crosby,Sidney,C,PIT,75,44,45,89,17,24,5,UFA,10900000
8478474,20,CAN,11,Crouse,Lawson,LW,ARI,72,5,7,12,-20,48,2,RFA,925000
8464989,41,USA,35,Cullen,Matt,C/LW,PIT,72,13,18,31,4,30,2,UFA,1000000
8478512,25,USA,,Czarnik,Austin,C,BOS,49,5,8,13,-10,12,1,RFA,842500
8476403,26,SWE,79,Dahlbeck,Klas,D,CAR,43,2,4,6,-12,30,0,RFA,750000
8470110,34,CAN,43,Daley,Trevor,D,PIT,56,5,14,19,7,37,0,UFA,2700000
8474610,28,CAN,45,Dalpe,Zac,C,MIN,9,1,2,3,0,9,0,UFA,600000
8476479,24,CAN,26,Danault,Phillip,LW/C,MTL,82,13,27,40,5,35,3,RFA,875000
8477448,23,SVK,27,Dano,Marko,C/LW/RW,WPG,38,4,7,11,0,10,0,RFA,925000
8477460,22,CAN,39,Dauphin,Laurent,C,ARI,24,2,1,3,-2,12,1,RFA,767500
8475869,26,CAN,162,Davidson,Brandon,D,EDM/MTL,38,0,3,3,-2,20,0,RFA,1300000
8475177,26,CAN,12,de Haan,Calvin,D,NYI,82,5,20,25,15,36,1,RFA,2900000
8477455,22,SWE,34,De la Rose,Jacob,LW,MTL,9,0,0,0,-3,4,0,RFA,925000
8477520,23,CAN,,Dea,Jean-Sebastien,C,PIT,1,0,0,0,0,2,0,RFA,575000
8477950,22,USA,19,Deangelo,Anthony,D,ARI,39,5,9,14,-13,37,1,RFA,925000
8477215,27,USA,,DeKeyser,Danny,D,DET,82,4,8,12,-22,33,2,UFA,4000000
8474584,27,CAN,20,Del Zotto,Michael,D,PHI,51,6,12,18,-5,28,0,UFA,4000000
8476331,24,CAN,179,Demelo,Dylan,D,S.J,25,1,7,8,2,14,0,RFA,600000
8474218,29,CAN,186,Demers,Jason,D,FLA,81,9,19,28,-14,53,2,UFA,5500000
8471976,31,CAN,,Desharnais,David,C,EDM/MTL,49,6,8,14,4,12,1,UFA,3500000
8471956,31,CAN,,Desjardins,Andrew,LW/C,CHI,46,0,1,1,-6,22,0,UFA,800000
8475235,26,CAN,84,Deslauriers,Nicolas,LW,BUF,42,0,2,2,-6,38,0,UFA,775000
8475155,26,CAN,30,Despres,Simon,D,ANA,1,0,0,0,0,0,0,UFA,2600000
8476858,24,CAN,38,Di Giuseppe,Phillip,LW,CAR,36,1,6,7,-12,15,1,RFA,867500
8477450,22,CAN,29,Dickinson,Jason,C,DAL,10,2,0,2,-3,0,0,RFA,925000
8474018,28,CAN,164,Didomenico,Chris,C/RW,OTT,3,0,0,0,0,6,0,UFA,575000
8475455,27,CAN,,Dillon,Brenden,D,S.J,81,2,8,10,-2,60,0,UFA,2750000
8462038,41,CAN,7,Doan,Shane,RW/LW,ARI,74,6,21,27,-3,48,0,UFA,3876134
8477503,22,CAN,12,Domi,Max,LW/C,ARI,59,9,29,38,-9,40,1,RFA,832500
8475820,25,FIN,99,Donskoi,Joonas,RW,S.J,61,6,11,17,-5,10,0,RFA,925000
8473432,31,CAN,189,Dorsett,Derek,RW,VAN,14,1,3,4,-6,33,0,UFA,2500000
8477009,23,CAN,161,Dotchin,Jake,D,T.B,35,0,11,11,10,35,0,RFA,615000
8474563,28,CAN,2,Doughty,Drew,D,L.A,82,12,32,44,8,46,1,UFA,7450000
8475343,27,USA,198,Dowd,Nic,C,L.A,70,6,16,22,-15,25,2,UFA,630000
8475413,27,CAN,,Dowling,Justin,C,DAL,9,0,2,2,0,2,0,UFA,625000
8477934,22,DEU,3,Draisaitl,Leon,C,EDM,82,29,48,77,7,20,5,RFA,925000
8477494,22,CAN,3,Drouin,Jonathan,LW,T.B,73,21,32,53,-13,16,6,RFA,832500
8471273,31,USA,60,Dubinsky,Brandon,C/LW,CBJ,80,12,29,41,16,91,5,UFA,5850000
8475168,26,CAN,3,Duchene,Matt,C/LW,COL,77,18,23,41,-34,12,3,UFA,6000000
8477407,22,CAN,80,Duclair,Anthony,LW/RW,ARI,58,5,10,15,-7,14,1,RFA,832500
8476856,23,CAN,7,Dumba,Matt,D,MIN,76,11,23,34,15,59,1,RFA,2350000
8475254,27,CAN,139,Dumont,Gabriel,C,T.B,39,2,2,4,1,29,0,UFA,575000
8475208,26,USA,51,Dumoulin,Brian,D,PIT,70,1,14,15,0,14,0,RFA,800000
8477989,21,USA,58,Dvorak,Christian,C/LW,ARI,78,15,18,33,7,22,1,RFA,792500
8476288,25,USA,204,Dzingel,Ryan,LW/RW/C,OTT,81,14,18,32,7,30,1,RFA,750000
8475236,26,CAN,85,Eakin,Cody,C,DAL,60,3,9,12,-7,49,1,UFA,3850000
8470622,33,USA,29,Eaves,Patrick,RW/LW,ANA/DAL,79,32,19,51,-2,24,2,UFA,1000000
8474586,27,CAN,22,Eberle,Jordan,RW/C,EDM,82,20,31,51,3,16,0,UFA,6000000
8471303,31,SWE,91,Edler,Alex,D,VAN,68,6,15,21,-20,36,0,UFA,6000000
8476441,24,CAN,46,Edmundson,Joel,D,STL,69,3,12,15,11,60,1,RFA,900000
8477940,21,DNK,9,Ehlers,Nikolaj,LW,WPG,82,25,39,64,1,38,4,RFA,925000
8478403,21,USA,2,Eichel,Jack,C,BUF,61,24,33,57,-13,22,4,RFA,925000
8477932,21,CAN,1,Ekblad,Aaron,D,FLA,68,10,11,21,-23,58,2,UFA,925000
8475218,27,SWE,102,Ekholm,Mattias,D,NSH,82,3,20,23,4,34,1,UFA,3000000
8475171,26,SWE,6,Ekman-Larsson,Oliver,D,ARI,79,12,27,39,-25,48,1,UFA,6000000
8477461,22,CAN,40,Elie,Remi,LW,DAL,18,1,6,7,5,8,0,RFA,767500
8474189,28,DNK,13,Eller,Lars,C/LW/RW,WSH,81,12,13,25,15,36,2,UFA,4250000
8475176,26,CAN,11,Ellis,Ryan,D,NSH,71,16,22,38,17,29,3,UFA,2500000
8471296,31,RUS,84,Emelin,Alexei,D,MTL,76,2,8,10,1,71,0,UFA,4200000
8468674,35,CAN,194,Engelland,Deryk,D,CGY,81,4,12,16,2,85,2,UFA,2750000
8477971,21,SWE,40,Englund,Andreas,D,OTT,5,0,0,0,-3,2,0,RFA,742500
8474589,28,CAN,26,Ennis,Tyler,LW/C/RW,BUF,51,5,8,13,-10,12,1,UFA,3650000
8470828,33,SWE,239,Enstrom,Tobias,D,WPG,60,1,13,14,-7,42,0,UFA,5750000
8470318,33,SWE,291,Ericsson,Jonathan,D,DET,51,1,8,9,-2,63,0,UFA,4250000
8470626,32,SWE,33,Eriksson,Loui,LW/C,VAN,65,11,13,24,-9,8,1,UFA,8000000
8478493,20,SWE,20,Eriksson Ek,Joel,C/RW/LW,MIN,15,3,4,7,1,4,1,RFA,925000
8477454,22,USA,33,Erne,Adam,LW,T.B,26,3,0,3,-9,11,0,RFA,925000
8475770,25,USA,29,Etem,Emerson,LW/RW,ANA,3,0,0,0,1,2,0,RFA,775000
8477952,21,CAN,21,Fabbri,Robby,C/LW,STL,51,11,18,29,-16,27,0,RFA,925000
8476889,23,CZE,13,Faksa,Radek,C,DAL,80,12,21,33,-6,67,0,RFA,832500
8473992,29,CAN,110,Falk,Justin,D,BUF,52,0,8,8,-3,29,0,UFA,650000
8476769,28,USA,,Farnham,Bobby,RW,MTL,3,0,0,0,0,17,0,UFA,575000
8477392,22,USA,118,Fasching,Hudson,RW,BUF,10,0,1,1,-1,2,0,RFA,925000
8475855,26,SWE,157,Fast,Jesper,RW/LW,NYR,68,6,15,21,6,16,1,RFA,1000000
8475753,25,USA,37,Faulk,Justin,D,CAR,75,17,20,37,-18,32,2,UFA,5500000
8471816,30,USA,155,Fayne,Mark,D,EDM,4,0,2,2,1,0,0,UFA,3500000
8476166,29,CAN,,Fedun,Taylor,D,BUF,27,0,7,7,3,16,0,UFA,600000
8470611,32,CAN,18,Fehr,Eric,C/RW,PIT/TOR,53,6,5,11,2,14,3,UFA,2000000
8475907,25,CAN,133,Ferland,Micheal,LW/RW,CGY,76,15,10,25,-1,50,1,RFA,900000
8477942,21,CHE,11,Fiala,Kevin,LW,NSH,54,11,5,16,1,18,1,RFA,925000
8469759,37,CAN,,Fiddler,Vernon,C/LW,N.J/NSH,59,2,2,4,-15,66,0,UFA,1250000
8470047,33,FIN,95,Filppula,Valtteri,C/LW,PHI/T.B,79,12,30,42,-1,26,1,UFA,5000000
8478432,20,USA,32,Fischer,Christian,RW,ARI,7,3,0,3,0,0,1,RFA,817500
8467370,37,CAN,44,Fisher,Mike,C,NSH,72,18,24,42,1,55,3,UFA,4000000
8476808,29,USA,,Flynn,Brian,C/RW,MTL,51,6,4,10,2,4,0,UFA,950000
8475220,26,CAN,104,Foligno,Marcus,LW,BUF,80,13,10,23,-1,73,0,RFA,2250000
8473422,30,USA,28,Foligno,Nick,LW/RW,CBJ,79,26,25,51,-4,55,5,UFA,5500000
8477850,26,SWE,,Folin,Christian,D,MIN,51,2,6,8,10,26,0,RFA,850000
8475762,25,USA,15,Forbort,Derek,D,L.A,82,2,16,18,8,54,0,RFA,650000
8478417,21,SWE,45,Forsbacka Karlsson,Jakob,C,BOS,1,0,0,0,0,0,0,RFA,900000
8476887,23,SWE,11,Forsberg,Filip,LW/C/RW,NSH,82,31,27,58,-4,32,9,UFA,6000000
8478055,21,SWE,126,Forsling,Gustav,D,CHI,38,2,3,5,3,4,0,RFA,767500
8475764,26,USA,12,Fowler,Cam,D,ANA,80,11,28,39,7,20,3,UFA,4000000
8471742,30,CAN,79,Franson,Cody,D,BUF,68,3,16,19,-5,34,0,UFA,2650000
8476924,24,CZE,49,Frk,Martin,RW,CAR,2,0,0,0,-3,0,0,RFA,650000
8475278,26,CAN,119,Froese,Byron,C,T.B/TOR,6,0,0,0,-3,5,0,RFA,575000
8473564,29,CZE,10,Frolik,Michael,RW/C,CGY,82,17,27,44,13,58,1,UFA,5000000
8468483,35,SVK,3,Gaborik,Marian,RW,L.A,56,10,11,21,-4,18,3,UFA,6075000
8476545,24,CAN,81,Gabriel,Kurtis,RW,MIN,13,0,1,1,0,29,0,RFA,725000
8474040,28,CAN,6,Gagner,Sam,C/RW,CBJ,81,18,32,50,10,22,1,UFA,650000
8476851,23,USA,3,Galchenyuk,Alex,C/LW,MTL,61,17,27,44,-5,24,6,RFA,3100000
8475848,25,CAN,147,Gallagher,Brendan,RW,MTL,64,10,19,29,7,39,2,UFA,4500000
8476116,32,CAN,,Garbutt,Ryan,C/LW,ANA,27,2,1,3,-3,20,1,UFA,2000000
8474581,27,USA,17,Gardiner,Jake,D,TOR,82,9,34,43,24,34,2,UFA,4050000
8474520,33,CAN,,Garrison,Jason,D,T.B,70,1,8,9,-8,14,0,UFA,3600000
8477715,24,CAN,,Gaudet,Tyler,C,ARI,4,0,1,1,0,0,0,RFA,874125
8477919,24,CAN,,Gaudreau,Frederick,C,NSH,9,0,1,1,1,0,0,RFA,595000
8476346,24,USA,104,Gaudreau,Johnny,LW,CGY,72,18,43,61,-7,4,3,UFA,6750000
8476867,23,CAN,26,Gaunce,Brendan,C/LW,VAN,57,0,5,5,-2,33,0,RFA,832500
8474611,27,CAN,50,Gaunce,Cameron,D,PIT,12,1,3,4,1,13,0,UFA,575000
8477512,22,CAN,21,Gauthier,Frederik,C,TOR,21,2,1,3,2,23,0,RFA,832500
8473989,28,CAN,172,Gazdic,Luke,LW,N.J,11,0,0,0,-2,12,0,UFA,700000
8475199,26,CAN,54,Gelinas,Eric,D,COL,27,0,1,1,-4,12,0,RFA,1650000
8470612,32,CAN,19,Getzlaf,Ryan,C,ANA,74,15,58,73,7,49,3,UFA,9250000
8470104,34,USA,129,Gilbert,Tom,D,L.A,18,1,4,5,-4,6,0,UFA,1400000
8467407,38,USA,82,Gionta,Brian,RW,BUF,82,15,20,35,-11,22,3,UFA,3250000
8472410,34,USA,,Gionta,Stephen,RW/C,NYI,26,1,5,6,9,2,0,UFA,575000
8470966,34,CAN,,Giordano,Mark,D,CGY,81,12,27,39,22,59,4,UFA,6750000
8471958,33,CAN,,Girardi,Dan,D,NYR,63,4,11,15,8,16,3,UFA,6000000
8476878,23,LVA,14,Girgensons,Zemgus,C/LW,BUF,75,7,9,16,-7,18,0,RFA,1150000
8473512,29,CAN,22,Giroux,Claude,C/RW,PHI,82,14,44,58,-15,38,3,UFA,9000000
8470854,34,CAN,265,Glass,Tanner,LW,NYR,11,1,1,2,0,17,0,UFA,1000000
8476822,28,USA,,Glendening,Luke,C/RW/LW,DET,74,3,11,14,-10,26,0,UFA,675000
8477958,22,RUS,27,Goldobin,Nikolay,RW/LW,S.J/VAN,14,3,0,3,0,0,1,RFA,925000
8471274,32,USA,61,Goligoski,Alex,D,ARI,82,6,30,36,-9,28,0,UFA,5375000
8474597,28,CAN,37,Goloubef,Cody,D,COL,33,0,5,5,-11,25,0,UFA,800000
8476624,24,CAN,,Goodrow,Barclay,RW/C,S.J,3,0,1,1,0,0,0,RFA,635000
8470159,34,CAN,17,Gordon,Boyd,C/RW,PHI,13,1,0,1,-5,2,0,UFA,950000
8470324,33,CAN,,Gorges,Josh,D,BUF,66,1,5,6,-3,50,0,UFA,3900000
8476906,24,USA,78,Gostisbehere,Shayne,D,PHI,76,7,32,39,-21,32,1,RFA,925000
8476826,26,CAN,,Gourde,Yanni,C,T.B,20,6,2,8,-1,8,1,UFA,575000
8473546,30,AUT,14,Grabner,Michael,RW,NYR,76,27,13,40,22,10,3,UFA,1650000
8475774,25,SWE,116,Granberg,Petter,D,NSH,10,0,0,0,0,10,0,RFA,575000
8476440,24,FIN,45,Granlund,Markus,C,VAN,69,19,13,32,-19,14,3,RFA,850000
8475798,25,FIN,9,Granlund,Mikael,C,MIN,81,26,43,69,23,12,4,RFA,3200000
8474683,27,CAN,119,Grant,Derek,C,BUF/NSH,46,0,4,4,-5,24,0,UFA,650000
8476344,24,CAN,191,Graovac,Tyler,C,MIN,52,7,2,9,7,10,2,RFA,600000
8475857,25,USA,148,Gravel,Kevin,D,L.A,49,1,6,7,3,6,0,RFA,667500
8471242,32,CAN,29,Green,Mike,D,DET,72,14,22,36,-20,40,2,UFA,6000000
8472382,35,USA,,Greene,Andy,D,N.J,66,4,9,13,-16,8,1,UFA,5000000
8470121,34,USA,44,Greene,Matt,D,L.A,26,1,1,2,3,19,0,UFA,2500000
8478421,21,CAN,39,Greer,A.J.,LW,COL,5,0,1,1,-2,4,0,RFA,725000
8476414,26,CAN,90,Grenier,Alex,RW,VAN,3,0,0,0,-1,0,0,UFA,600000
8476495,24,CAN,131,Griffith,Seth,C/RW,FLA/TOR,24,0,5,5,6,8,0,RFA,625000
8476888,23,RUS,12,Grigorenko,Mikhail,C,COL,75,10,13,23,-14,18,0,RFA,1300000
8476428,24,USA,33,Grimaldi,Rocco,C,COL,4,0,1,1,-3,2,0,RFA,925000
8471269,32,SWE,56,Grossmann,Nicklas,D,CGY,3,0,0,0,-4,2,0,,
8473468,29,CAN,68,Gryba,Eric,D,EDM,40,2,4,6,-5,65,2,UFA,950000
8476891,23,USA,85,Grzelcyk,Matt,D,BOS,2,0,0,0,0,2,0,RFA,792500
8475462,27,CZE,66,Gudas,Radko,D,PHI,67,6,17,23,8,93,0,UFA,4000000
8475790,25,CAN,3,Gudbranson,Erik,D,VAN,30,1,5,6,-14,18,1,RFA,3500000
8477404,23,USA,77,Guentzel,Jake,C/LW,PIT,40,16,17,33,7,10,0,RFA,667500
8478425,20,CAN,51,Guhle,Brendan,D,BUF,3,0,0,0,1,0,0,RFA,667500
8474125,31,SWE,194,Gunnarsson,Carl,D,STL,56,0,6,6,-5,4,0,UFA,2900000
8478495,20,RUS,12,Gurianov,Denis,RW,DAL,1,0,0,0,-1,0,0,,
8474176,29,SWE,168,Hagelin,Carl,LW,PIT,61,6,16,22,10,16,2,UFA,3667000
8477462,22,SWE,41,Hagg,Robert,D,PHI,1,0,0,0,0,0,0,RFA,925000
8468493,36,USA,13,Hainsey,Ron,D,CAR/PIT,72,4,13,17,-8,21,1,UFA,2500000
8474230,31,CAN,,Haley,Micheal,C,S.J,58,2,10,12,6,128,1,UFA,625000
8475791,26,CAN,1,Hall,Taylor,LW/C,N.J,72,20,33,53,-9,32,4,UFA,6000000
8469465,35,CAN,12,Hamhuis,Dan,D,DAL,79,1,15,16,-7,23,0,UFA,4500000
8476462,24,CAN,9,Hamilton,Dougie,D,CGY,81,13,37,50,12,64,5,UFA,5500000
8475878,25,CAN,129,Hamilton,Freddie,C,CGY,26,2,0,2,-3,8,1,RFA,575000
8474612,27,CAN,53,Hamonic,Travis,D,NYI,49,3,11,14,-21,60,0,UFA,4875000
8478396,20,USA,5,Hanifin,Noah,D,CAR,81,4,25,29,-19,26,1,RFA,925000
8477810,26,CAN,,Hanley,Joel,D,MTL,7,0,0,0,-3,4,0,RFA,600000
8478541,24,FIN,,Hannikainen,Markus,LW,CBJ,10,1,1,2,0,6,0,RFA,742500
8471498,31,DNK,287,Hansen,Jannik,RW,S.J/VAN,43,8,12,20,2,34,1,UFA,3000000
8471691,30,CZE,17,Hanzal,Martin,C,ARI/MIN,71,20,19,39,-17,53,2,UFA,3500000
8475597,28,USA,,Harper,Shane,RW,FLA,14,2,1,3,-1,18,0,UFA,650000
8477433,22,CAN,108,Harpur,Ben,D,OTT,6,0,0,0,-1,0,0,RFA,655000
8476449,24,CAN,54,Harrington,Scott,D,CBJ,22,1,2,3,3,10,0,RFA,632500
8477451,23,USA,30,Hartman,Ryan,LW/RW,CHI,76,19,12,31,13,70,4,RFA,832500
8468486,35,CAN,6,Hartnell,Scott,LW,CBJ,78,13,24,37,14,63,1,UFA,5000000
8477903,26,USA,,Hathaway,Garnet,RW,CGY,26,1,4,5,0,44,0,RFA,722500
8475287,26,FIN,182,Haula,Erik,C/LW,MIN,72,15,11,26,5,28,4,RFA,1050000
8477401,22,USA,74,Hayden,John,LW/RW/C,CHI,12,1,3,4,3,4,0,RFA,925000
8474625,28,USA,60,Hayes,Jimmy,RW,BOS,58,2,3,5,-3,29,1,UFA,2300000
8475763,25,USA,24,Hayes,Kevin,C/RW,NYR,76,17,32,49,10,18,4,RFA,2600000
8475167,27,SWE,2,Hedman,Victor,D,T.B,79,16,56,72,3,47,5,UFA,4250000
8475841,26,SWE,132,Heed,Tim,D,S.J,1,0,0,0,0,0,0,UFA,775000
8478046,22,CAN,116,Heinen,Danton,C,BOS,8,0,0,0,-3,2,0,RFA,767500
8475274,27,USA,114,Helgeson,Seth,D,N.J,9,1,0,1,2,15,0,UFA,600000
8471794,30,CAN,132,Helm,Darren,C,DET,50,8,9,17,-6,20,1,UFA,5000000
8469466,34,CZE,13,Hemsky,Ales,RW,DAL,15,4,3,7,-1,0,0,UFA,4000000
8468611,36,USA,131,Hendricks,Matt,LW/C,EDM,42,4,3,7,-3,29,1,UFA,1850000
8476511,24,CAN,,Henley,Samuel,C/RW,COL,1,1,0,1,1,2,0,RFA,590000
8474641,27,CAN,82,Henrique,Adam,C,N.J,82,20,20,40,-20,38,2,UFA,4500000
8476881,24,CZE,17,Hertl,Tomas,C/RW,S.J,49,10,12,22,-8,14,4,RFA,2800000
8474066,28,CAN,4,Hickey,Thomas,D,NYI,76,4,16,20,-1,35,2,UFA,2250000
8476994,23,USA,169,Hinostroza,Vinnie,LW/C,CHI,49,6,8,14,-1,17,2,RFA,667500
8471769,30,SWE,108,Hjalmarsson,Niklas,D,CHI,73,5,13,18,12,20,0,UFA,4100000
8477959,21,CAN,28,Ho-Sang,Joshua,RW/C,NYI,21,4,6,10,1,12,0,RFA,925000
8474884,28,CAN,130,Hoffman,Mike,LW/C,OTT,74,26,35,61,17,51,8,UFA,3800000
8474207,30,CAN,,Holden,Nick,D,NYR,80,11,23,34,13,35,2,UFA,1650000
8475180,26,CAN,15,Holland,Peter,C,ARI/TOR,48,5,7,12,-16,22,0,RFA,1300000
8473560,29,DEU,111,Holzer,Korbinian,D,ANA,32,2,5,7,0,23,0,UFA,700000
8477945,22,FIN,14,Honka,Julius,D,DAL,16,1,4,5,-4,4,1,RFA,925000
8471887,30,SWE,230,Hornqvist,Patric,RW,PIT,70,21,23,44,16,28,6,UFA,4750000
8477500,22,CAN,9,Horvat,Bo,C,VAN,81,20,32,52,-7,27,1,RFA,832500
8466148,38,SVK,12,Hossa,Marian,RW,CHI,73,26,19,45,7,8,7,UFA,4000000
8475769,25,CAN,25,Howden,Quinton,C/LW/C,WPG,5,0,0,0,1,0,0,RFA,650000
8475949,26,SVK,,Hrivik,Marek,LW/C/RW,NYR,16,0,2,2,-3,2,0,UFA,600000
8476456,24,CAN,3,Huberdeau,Jonathan,LW/C,FLA,31,10,16,26,-2,13,2,UFA,4000000
8470201,33,CZE,58,Hudler,Jiri,RW/LW,DAL,32,3,8,11,-3,4,1,UFA,2000000
8476948,23,CAN,122,Hudon,Charles,LW,MTL,3,0,2,2,1,2,0,RFA,575000
8476779,29,CAN,,Hunt,Brad,D,NSH/STL,12,1,5,6,-1,2,0,UFA,600000
8471436,32,USA,224,Hunwick,Matt,D,TOR,72,1,18,19,8,18,0,UFA,1200000
8477018,24,CAN,147,Hutton,Ben,D,VAN,71,5,14,19,-22,31,1,RFA,925000
8475786,25,CAN,123,Hyman,Zach,C/RW/LW,TOR,82,10,18,28,2,30,3,RFA,900000
8462042,40,CAN,11,Iginla,Jarome,RW,COL/L.A,80,14,13,27,-30,70,4,UFA,5000000
8475625,30,CAN,,Irwin,Matt,D,NSH,74,3,11,14,15,26,1,UFA,575000
8448208,45,CZE,5,Jagr,Jaromir,RW,FLA,82,16,30,46,2,56,2,UFA,4000000
8476873,23,CAN,21,Jankowski,Mark,C,CGY,1,0,0,0,0,0,0,RFA,925000
8475714,26,SWE,51,Jarnkrok,Calle,C,NSH,81,15,16,31,-1,25,1,UFA,1700000
8476436,24,CZE,41,Jaskin,Dmitrij,RW/LW,STL,51,1,10,11,5,18,0,RFA,1000000
8476432,24,CAN,37,Jenner,Boone,C/LW,CBJ,82,18,16,34,14,52,4,RFA,2900000
8475324,27,USA,150,Jensen,Nick,D,DET,49,4,9,13,-7,12,0,UFA,600000
8476482,24,DNK,29,Jensen,Nicklas,RW/LW,NYR,7,0,0,0,-2,0,0,RFA,600000
8475793,25,CAN,4,Johansen,Ryan,C/RW,NSH,82,14,47,61,1,60,3,RFA,6000000
8475149,27,SWE,24,Johansson,Marcus,LW/C/RW,WSH,82,24,34,58,25,10,5,UFA,4250000
8475730,25,USA,60,Johns,Stephen,D,DAL,61,4,6,10,-10,36,1,RFA,650000
8473446,29,USA,1,Johnson,Erik,D,COL,46,2,15,17,-6,9,1,UFA,6000000
8471677,30,USA,3,Johnson,Jack,D,CBJ,82,5,18,23,23,32,1,UFA,5000000
8474870,27,USA,,Johnson,Tyler,C,T.B,66,19,26,45,-5,28,3,RFA,4000000
8478963,25,CAN,,Johnston,Ryan,D,MTL,7,0,0,0,-3,4,0,RFA,692500
8469638,34,FIN,192,Jokinen,Jussi,LW/RW/C,FLA,69,11,17,28,-15,39,2,UFA,4000000
8476279,26,FIN,195,Jokipakka,Jyrki,D,CGY/OTT,41,1,5,6,-4,12,0,RFA,900000
8477881,27,CAN,,Jones,Connor,C/LW,NYI,4,0,0,0,1,2,0,RFA,575000
8477495,23,USA,4,Jones,Seth,D,CBJ,75,12,30,42,6,24,3,UFA,5400000
8477591,27,CAN,,Jooris,Josh,RW/C,ARI/NYR,54,4,8,12,-2,16,0,RFA,600000
8475185,26,SWE,20,Josefson,Jacob,C/LW,N.J,38,1,9,10,-1,16,1,RFA,1100000
8474600,27,CHE,38,Josi,Roman,D,NSH,72,12,37,49,7,18,1,UFA,4250000
8479370,19,CAN,10,Jost,Tyson,C/LW/RW,COL,6,1,0,1,-5,0,0,RFA,900000
8476430,25,SVK,35,Jurco,Tomas,LW/RW,CHI/DET,29,1,0,1,-12,4,0,RFA,950000
8475172,27,CAN,7,Kadri,Nazem,C,TOR,82,32,29,61,-7,95,6,UFA,5000000
8478566,26,RUS,,Kalinin,Sergey,C/RW,N.J,43,2,2,4,-14,15,0,RFA,800000
8477973,21,RUS,42,Kamenev,Vladislav,LW/C,NSH,2,0,0,0,-1,2,0,RFA,742500
8474000,29,USA,93,Kampfer,Steven,D,FLA/NYR,11,1,1,2,-2,6,0,UFA,625000
8475169,26,CAN,4,Kane,Evander,LW,BUF,70,28,15,43,-17,113,5,UFA,6000000
8474141,29,USA,1,Kane,Patrick,RW/C,CHI,82,34,55,89,11,32,5,UFA,13800000
8477953,21,FIN,22,Kapanen,Kasperi,RW,TOR,8,1,0,1,-2,0,0,RFA,925000
8480081,23,USA,,Kapla,Michael,D,N.J,5,0,0,0,-1,0,0,RFA,925000
8474578,27,SWE,15,Karlsson,Erik,D,OTT,77,17,54,71,10,28,5,UFA,7000000
8477922,27,SWE,,Karlsson,Melker,C/RW,S.J,67,11,11,22,7,22,1,RFA,1850000
8476448,24,SWE,53,Karlsson,William,C,CBJ,81,6,19,25,10,10,3,RFA,1000000
8478131,22,CZE,205,Kase,Ondrej,RW,ANA,53,5,10,15,-1,18,2,RFA,645000
8475178,26,CAN,13,Kassian,Zack,RW,EDM,79,7,17,24,4,101,0,RFA,1500000
8471996,36,CAN,,Kearns,Bracken,C,NYI,2,0,0,0,-1,2,0,UFA,800000
8470281,34,CAN,54,Keith,Duncan,D,CHI,80,6,47,53,22,16,2,UFA,6000000
8479343,19,USA,7,Keller,Clayton,C/LW,ARI,3,0,2,2,-3,0,0,RFA,900000
8467967,37,CAN,94,Kelly,Chris,C/LW,OTT,82,5,7,12,-17,23,2,UFA,900000
8477960,21,SWE,29,Kempe,Adrian,LW/C,L.A,25,2,4,6,-3,6,1,RFA,925000
8479482,27,CZE,,Kempny,Michal,D,CHI,50,2,6,8,1,22,0,,
8476866,23,USA,36,Kerdiles,Nicolas,LW,ANA,1,0,0,0,1,0,0,RFA,925000
8478528,25,USA,,Kero,Tanner,C/RW,CHI,47,6,10,16,15,8,0,RFA,667500
8470616,33,USA,23,Kesler,Ryan,C/RW,ANA,82,22,36,58,8,83,2,UFA,7875000
8473548,30,USA,5,Kessel,Phil,RW/C,PIT,82,23,47,70,3,20,4,UFA,9000000
8476915,23,CAN,63,Khaira,Jujhar,LW,EDM,10,1,0,1,1,2,1,RFA,832500
8473986,28,CAN,77,Killorn,Alex,LW/C,T.B,81,19,17,36,-9,66,4,UFA,4450000
8471693,30,CZE,19,Kindl,Jakub,D,FLA,39,0,4,4,-11,28,0,UFA,3000000
8474100,28,CAN,109,King,Dwight,LW/RW,L.A/MTL,80,9,7,16,-2,12,1,UFA,2100000
8476472,24,SWE,19,Klefbom,Oscar,D,EDM,82,12,26,38,7,6,3,UFA,3000000
8470630,33,CAN,37,Klein,Kevin,D,NYR,60,3,11,14,5,31,0,UFA,2750000
8475906,25,SWE,131,Klingberg,John,D,DAL,80,13,36,49,2,34,3,UFA,2750000
8476886,23,CAN,10,Koekkoek,Slater,D,T.B,29,0,4,4,-4,8,0,RFA,832500
8469459,34,FIN,6,Koivu,Mikko,C,MIN,80,18,40,58,27,34,4,UFA,5400000
8473463,30,FIN,180,Komarov,Leo,C/LW,TOR,82,14,18,32,6,31,1,UFA,2950000
8478439,20,CAN,24,Konecny,Travis,C/LW,PHI,70,11,17,28,-2,49,0,RFA,925000
8471685,30,SVN,11,Kopitar,Anze,C,L.A,76,12,40,52,-10,28,0,UFA,14000000
8471232,31,FIN,19,Korpikoski,Lauri,LW/RW,CBJ/DAL,69,8,12,20,5,10,0,UFA,1000000
8479290,24,FIN,,Kossila,Kalle,LW/C,ANA,1,0,0,0,0,0,0,RFA,925000
8475184,26,USA,19,Kreider,Chris,LW/C,NYR,75,28,25,53,6,58,4,UFA,5000000
8471276,31,CZE,63,Krejci,David,C,BOS,82,23,31,54,-12,26,3,UFA,7250000
8468509,36,SWE,29,Kronwall,Niklas,D,DET,57,2,11,13,-7,32,0,UFA,5500000
8476792,26,USA,,Krug,Torey,D,BOS,81,8,43,51,-10,37,1,UFA,5000000
8475323,27,SWE,149,Kruger,Marcus,C,CHI,70,5,12,17,7,34,0,UFA,3475000
8476453,24,RUS,58,Kucherov,Nikita,RW,T.B,74,40,45,85,13,38,7,RFA,4250000
8475832,25,DEU,110,Kuhnhackl,Tom,RW,PIT,57,4,12,16,8,18,0,RFA,590000
8476967,23,CAN,105,Kulak,Brett,D,CGY,21,0,3,3,-3,12,0,RFA,680000
8473579,31,RUS,44,Kulemin,Nikolay,LW/RW,NYI,72,12,11,23,3,18,4,UFA,4250000
8475179,27,RUS,14,Kulikov,Dmitry,D,BUF,47,2,3,5,-26,26,0,UFA,4500000
8470543,38,CAN,,Kunitz,Chris,LW,PIT,71,9,20,29,0,36,3,UFA,3550000
8476374,24,USA,133,Kuraly,Sean,C,BOS,8,0,1,1,-1,2,0,RFA,692500
8475744,25,RUS,26,Kuznetsov,Evgeny,C/LW,WSH,82,19,40,59,18,46,4,RFA,3400000
8478099,22,USA,171,Labanc,Kevin,RW,S.J,55,8,12,20,9,22,2,RFA,667500
8476425,24,USA,101,Labate,Joseph,C,VAN,13,0,0,0,-2,21,0,RFA,680000
8471217,32,CAN,4,Ladd,Andrew,LW,NYI,78,23,8,31,-14,45,4,UFA,8000000
8476983,25,USA,181,Ladue,Paul,D,L.A,22,0,8,8,-5,4,0,RFA,925000
8479339,19,FIN,2,Laine,Patrik,RW,WPG,73,36,28,64,7,26,5,RFA,925000
8475165,26,SWE,40,Lander,Anton,C/LW/RW,EDM,22,1,3,4,2,6,0,RFA,1050000
8476455,25,SWE,2,Landeskog,Gabriel,LW,COL,72,18,15,33,-25,62,2,UFA,5500000
8479250,25,USA,,Lappin,Nick,RW,N.J,43,4,3,7,-17,17,0,RFA,842500
8477946,21,USA,15,Larkin,Dylan,C/LW,DET,80,17,15,32,-28,37,1,RFA,925000
8474707,28,DNK,149,Larsen,Philip,D,VAN,26,1,5,6,-8,4,0,UFA,1025000
8476457,25,SWE,4,Larsson,Adam,D,EDM,79,4,15,19,21,55,0,UFA,3000000
8478491,20,SWE,27,Larsson,Jacob,D,ANA,4,0,0,0,-1,2,0,RFA,925000
8475728,25,SWE,56,Larsson,Johan,C/LW,BUF,36,6,5,11,-7,20,2,RFA,950000
8474873,27,USA,,Lashoff,Brian,D,DET,5,0,0,0,-3,0,0,RFA,650000
8476872,23,CAN,20,Laughton,Scott,C/LW,PHI,2,0,0,0,0,0,0,RFA,832500
8477508,22,CAN,17,Lazar,Curtis,C/RW,CGY/OTT,37,1,3,4,-8,4,0,RFA,832500
8475181,26,USA,16,Leddy,Nick,D,NYI,81,11,35,46,-3,12,1,UFA,4500000
8475314,27,USA,152,Lee,Anders,LW/C,NYI,81,34,18,52,9,56,6,UFA,3500000
8477476,22,FIN,55,Lehkonen,Artturi,LW,MTL,73,18,10,28,-1,8,3,RFA,667500
8474627,30,FIN,65,Lehtera,Jori,C,STL,64,7,15,22,-6,34,1,UFA,4400000
8476955,23,CAN,117,Leier,Taylor,LW,PHI,10,1,1,2,-1,4,0,RFA,768150
8476410,24,CAN,86,Leivo,Josh,LW,TOR,13,2,8,10,2,4,0,RFA,575000
8478004,22,CAN,73,Lernout,Brett,D,MTL,2,0,0,0,-1,0,0,RFA,660000
8471724,30,CAN,62,Letang,Kris,D,PIT,41,5,29,34,2,32,2,UFA,7250000
8473914,32,CAN,,Letestu,Mark,C/RW,EDM,78,16,19,35,-2,17,6,UFA,1800000
8473453,30,USA,17,Lewis,Trevor,C/RW/LW,L.A,82,12,12,24,-6,30,3,UFA,2000000
8475436,28,CAN,,Liambas,Mike,LW,NSH,1,0,0,0,-1,0,0,UFA,575000
8468639,37,USA,159,Liles,John-Michael,D,BOS,36,0,5,5,1,4,0,UFA,2000000
8475715,26,SWE,57,Lindberg,Oscar,C,NYR,65,8,12,20,2,32,1,RFA,700000
8476989,24,FIN,176,Lindbohm,Petteri,D,STL,7,0,0,0,-4,4,0,RFA,645000
8476902,23,FIN,74,Lindell,Esa,D,DAL,73,6,12,18,8,22,2,RFA,802500
8478073,23,SWE,144,Lindholm,Anton,D,COL,12,0,0,0,-8,2,0,RFA,667500
8477496,23,SWE,5,Lindholm,Elias,C/RW,CAR,72,11,34,45,-2,16,0,RFA,2500000
8476854,23,SWE,6,Lindholm,Hampus,D,ANA,66,6,14,20,13,36,2,UFA,3000000
8473412,30,CAN,12,Little,Bryan,C/RW,WPG,59,21,26,47,-7,18,3,UFA,5000000
8478371,27,CAN,,Lorito,Matt,LW/RW,DET,2,0,1,1,0,0,0,,
8473933,33,USA,,Lovejoy,Ben,D,N.J,82,1,6,7,-7,39,1,UFA,2500000
8476392,24,USA,67,Lowry,Adam,C/LW,WPG,82,15,14,29,1,52,1,RFA,1000000
8473473,29,CAN,50,Lucic,Milan,LW,EDM,82,23,27,50,-3,50,3,UFA,8000000
8479648,25,RUS,,Lyubimov,Roman,LW,PHI,47,4,2,6,-2,8,1,,
8476874,23,FIN,22,Maatta,Olli,D,PIT,55,1,6,7,17,12,0,UFA,4083300
8470667,32,CAN,74,MacArthur,Clarke,LW,OTT,4,0,0,0,-1,0,0,UFA,4500000
8473584,31,CAN,160,MacDonald,Andrew,D,PHI,73,2,16,18,-5,26,0,UFA,4750000
8468001,36,CAN,128,MacKenzie,Derek,C/LW,FLA,82,6,10,16,-7,50,1,UFA,1300000
8477492,22,CAN,1,MacKinnon,Nathan,C/RW,COL,82,16,37,53,-14,16,4,UFA,5000000
8478843,20,CHE,102,Malgin,Denis,C,FLA,47,6,4,10,-5,8,1,RFA,640000
8471215,31,RUS,2,Malkin,Evgeni,C/RW,PIT,62,33,39,72,18,77,6,UFA,9500000
8477391,22,USA,159,Malone,Sean,C,BUF,1,0,0,0,0,0,0,RFA,925000
8475430,27,CAN,,Manning,Brandon,D,PHI,65,3,9,12,-12,83,1,UFA,950000
8476312,26,CAN,160,Manson,Josh,D,ANA,82,5,12,17,14,82,1,RFA,825000
8477511,23,CAN,20,Mantha,Anthony,RW,DET,60,17,19,36,10,53,3,RFA,832500
8473419,29,CAN,71,Marchand,Brad,LW/C,BOS,80,39,46,85,18,81,8,UFA,5000000
8476289,25,RUS,205,Marchenko,Alexey,D,DET/TOR,41,1,7,8,7,12,0,RFA,1300000
8476539,27,CAN,,Marchessault,Jonathan,C,FLA,75,30,21,51,-21,38,6,UFA,750000
8475716,25,SVK,46,Marincin,Martin,D,TOR,25,1,6,7,3,16,0,RFA,1200000
8467496,39,RUS,162,Markov,Andrei,D,MTL,62,6,30,36,18,16,1,UFA,4250000
8466139,38,CAN,2,Marleau,Patrick,LW/C,S.J,82,27,19,46,4,28,6,UFA,6500000
8478483,20,CAN,4,Marner,Mitchell,C/RW,TOR,77,19,42,61,0,38,5,RFA,925000
8474034,29,USA,161,Maroon,Patrick,LW,EDM,81,27,15,42,13,95,5,UFA,2000000
8474709,28,CAN,148,Martin,Matt,LW/RW,TOR,82,5,4,9,0,123,0,UFA,3500000
8468542,36,USA,62,Martin,Paul,D,S.J,81,4,22,26,10,20,1,UFA,5000000
8474166,30,USA,95,Martinez,Alec,D,L.A,82,9,30,39,-17,24,3,UFA,3900000
8476921,25,CAN,58,Martinook,Jordan,LW/C,ARI,77,11,14,25,-8,40,2,RFA,625000
8478561,27,NOR,,Martinsen,Andreas,LW/C,COL/MTL,64,3,4,7,-14,32,0,UFA,640000
8476875,23,CAN,23,Matheson,Michael,D,FLA,81,7,10,17,-5,36,0,RFA,925000
8479318,20,USA,1,Matthews,Auston,C,TOR,82,40,29,69,2,14,8,RFA,925000
8473574,29,CAN,47,Matthias,Shawn,LW/C,WPG,45,8,4,12,0,13,1,UFA,2125000
8476429,25,USA,34,Mayfield,Scott,D,NYI,25,2,7,9,-1,35,0,RFA,575000
8473571,29,USA,63,McBain,Jamie,D,ARI,3,0,0,0,-1,0,0,UFA,650000
8476931,24,USA,44,McCabe,Jake,D,BUF,76,3,17,20,-7,26,1,RFA,1250000
8477955,21,CAN,24,McCann,Jared,C,FLA,29,1,6,7,-1,4,0,RFA,925000
8477446,22,USA,25,McCarron,Michael,RW/C,MTL,31,1,4,5,-4,41,0,RFA,832500
8469508,34,CAN,57,McClement,Jay,C,CAR,65,5,3,8,-8,18,1,UFA,1100000
8476323,25,USA,171,McCormick,Max,RW/LW/C,OTT,7,0,0,0,-3,0,0,UFA,650000
8477452,22,USA,31,McCoshen,Ian,D,FLA,3,0,1,1,0,0,0,RFA,925000
8478402,20,CAN,1,McDavid,Connor,C,EDM,82,30,70,100,27,26,6,RFA,925000
8474151,28,USA,12,McDonagh,Ryan,D,NYR,77,6,36,42,20,37,1,UFA,5000000
8470644,33,USA,51,McDonald,Colin,RW/C,PHI,3,1,0,1,1,0,0,UFA,625000
8477091,23,CAN,,McEneny,Evan,D,VAN,1,0,0,0,-1,0,0,RFA,575000
8476934,23,CAN,47,McGinn,Brock,LW,CAR,57,7,9,16,-11,6,1,RFA,800000
8473465,29,CAN,36,McGinn,Jamie,LW/RW,ARI,72,9,8,17,-23,23,2,UFA,3000000
8475795,25,CAN,10,McIlrath,Dylan,D,FLA/NYR,6,1,0,1,-2,14,0,UFA,800000
8475735,25,CAN,62,McKegg,Greg,C,FLA/T.B,46,3,4,7,-3,22,0,UFA,700000
8475310,26,CAN,159,McKenzie,Curtis,LW,DAL,53,6,10,16,5,72,3,UFA,700000
8471657,33,CAN,,McLeod,Cody,LW/RW,COL/NSH,59,5,1,6,-3,145,0,UFA,1250000
8475188,26,CAN,66,McNabb,Brayden,D,L.A,49,2,2,4,1,54,0,UFA,1600000
8476471,24,CAN,18,McNeill,Mark,C/RW,DAL,1,0,0,0,-1,0,0,RFA,600000
8471717,31,CAN,55,Mcquaid,Adam,D,BOS,77,2,8,10,4,71,1,UFA,3000000
8475263,27,USA,138,Megan,Wade,C,STL,3,1,0,1,1,0,0,,
8477034,25,USA,210,Megna,Jaycob,D,ANA,1,0,0,0,1,0,0,RFA,925000
8477126,27,USA,,Megna,Jayson,C,VAN,58,4,4,8,-4,6,0,UFA,600000
8478414,21,CHE,9,Meier,Timo,RW,S.J,34,3,3,6,1,10,1,RFA,925000
8475815,26,CAN,87,Melchiori,Julian,D,WPG,18,0,2,2,0,8,0,RFA,600000
8475750,25,USA,38,Merrill,Jon,D,N.J,51,1,5,6,-9,24,0,RFA,1000000
8470760,32,CAN,168,Methot,Marc,D,OTT,68,0,12,12,13,24,0,UFA,4900000
8470599,33,CZE,6,Michalek,Milan,LW/RW,TOR,5,1,1,2,-2,2,0,UFA,4000000
8469760,35,CZE,,Michalek,Zbynek,D,ARI,3,0,0,0,1,0,0,UFA,3200000
8477947,21,USA,16,Milano,Sonny,LW,CBJ,4,0,0,0,-3,0,0,RFA,925000
8476525,25,CAN,151,Miller,Colin,D,BOS,61,6,7,13,0,55,0,RFA,900000
8470778,33,USA,186,Miller,Drew,LW/RW,DET,55,5,2,7,-12,18,1,UFA,1025000
8476468,24,USA,15,Miller,J.T.,LW/RW/C,NYR,82,22,34,56,17,21,6,RFA,2750000
8476191,30,USA,,Miller,Kevan,D,BOS,58,3,10,13,1,50,1,UFA,2500000
8475291,26,CAN,175,Mitchell,Garrett,RW,WSH,1,0,0,0,0,0,0,UFA,600000
8470750,32,CAN,158,Mitchell,John,C,COL,65,3,4,7,-12,45,1,UFA,1900000
8471338,32,CAN,126,Mitchell,Torrey,C/RW,MTL,78,8,9,17,5,38,1,UFA,1300000
8476619,24,CAN,,Mitchell,Zack,RW,MIN,11,0,0,0,-1,0,0,RFA,640000
8479969,23,USA,,Molino,Griffen,C,VAN,5,0,0,0,-2,0,0,RFA,925000
8477497,23,CAN,6,Monahan,Sean,C,CGY,82,27,31,58,-1,20,4,UFA,6500000
8477986,23,CAN,55,Montour,Brandon,D,ANA,27,2,4,6,11,14,0,RFA,925000
8468575,37,CAN,95,Moore,Dominic,C/LW,BOS,82,11,14,25,2,44,1,UFA,900000
8475186,27,USA,21,Moore,John,D,N.J,63,12,10,22,-7,39,1,UFA,1750000
8477502,22,CAN,11,Morin,Samuel,D,PHI,1,0,0,0,0,0,0,RFA,832500
8477504,22,CAN,13,Morrissey,Josh,D,WPG,82,6,14,20,6,38,3,RFA,832500
8476476,25,CAN,23,Morrow,Joe,D,BOS,17,0,1,1,-4,8,0,RFA,800000
8477353,22,USA,121,Motte,Tyler,LW/C,CHI,33,4,3,7,2,14,0,RFA,925000
8470852,34,CAN,263,Moulson,Matt,LW,BUF,81,14,18,32,-4,10,2,UFA,5000000
8477509,22,CHE,18,Mueller,Mirco,D,S.J,4,1,1,2,2,0,0,RFA,832500
8476473,24,USA,20,Murphy,Connor,D,ARI,77,2,15,17,-13,45,1,UFA,2400000
8476465,24,CAN,12,Murphy,Ryan,D,CAR,27,0,2,2,-11,8,0,RFA,750000
8476850,24,CAN,2,Murray,Ryan,D,CBJ,60,2,9,11,3,24,0,RFA,2825000
8474162,28,CAN,141,Muzzin,Jake,D,L.A,82,9,19,28,-21,46,1,UFA,4000000
8474574,27,CAN,12,Myers,Tyler,D,WPG,11,2,3,5,5,13,0,UFA,4000000
8478562,30,CZE,,Nakladal,Jakub,D,CAR,3,0,0,0,-4,0,0,,
8476480,25,RUS,27,Namestnikov,Vladislav,C/LW,T.B,74,10,18,28,-4,31,0,RFA,1900000
8470041,33,CAN,1,Nash,Rick,RW/LW,NYR,67,23,15,38,9,26,3,UFA,8000000
8474062,28,CAN,21,Nash,Riley,C/RW,BOS,81,7,10,17,-1,14,2,UFA,900000
8471707,30,CAN,33,Neal,James,RW/LW,NSH,70,23,18,41,-10,35,5,UFA,5000000
8467493,38,CAN,161,Neil,Chris,RW,OTT,53,1,3,4,-11,63,0,UFA,1500000
8475754,26,USA,30,Nelson,Brock,C/LW,NYI,81,20,25,45,-6,36,4,RFA,2500000
8479268,25,USA,,Nelson,Casey,D,BUF,11,0,0,0,-3,4,0,RFA,650000
8475747,25,SWE,41,Nemeth,Patrik,D,DAL,40,0,3,3,-4,14,0,RFA,900000
8474604,27,USA,40,Ness,Aaron,D,WSH,2,0,0,0,-1,0,0,UFA,575000
8476300,24,RUS,148,Nesterov,Nikita,D,MTL/T.B,48,4,13,17,0,24,0,RFA,725000
8475250,26,CZE,75,Nestrasil,Andrej,C/RW/LW,CAR,19,1,4,5,-3,2,0,RFA,950000
8475799,25,CHE,5,Niederreiter,Nino,RW,MIN,82,25,32,57,17,53,3,RFA,3500000
8470144,33,DNK,87,Nielsen,Frans,C,DET,79,17,24,41,-19,18,0,UFA,6000000
8476442,25,USA,47,Nieto,Matt,LW/RW,COL/S.J,59,7,6,13,-12,8,1,RFA,735000
8476922,23,USA,59,Nieves,Cristoval,C/LW,NYR,1,0,0,0,-1,0,0,RFA,742500
8471702,31,USA,28,Niskanen,Matt,D,WSH,78,5,34,39,20,32,2,UFA,5750000
8476474,24,USA,21,Noesen,Stefan,RW,ANA/N.J,44,8,2,10,6,24,0,RFA,600000
8478031,21,CAN,101,Nogier,Nelson,D,WPG,10,0,0,0,-1,5,0,RFA,650000
8475325,28,CAN,186,Nolan,Jordan,C/LW/RW,L.A,46,4,4,8,-3,44,0,UFA,1000000
8475807,25,SWE,90,Nordstrom,Joakim,LW/C,CAR,82,7,5,12,-12,17,2,RFA,1250000
8477931,25,CZE,,Nosek,Tomas,LW/C,DET,11,1,0,1,-1,2,0,RFA,575000
8476454,24,CAN,1,Nugent-Hopkins,Ryan,C,EDM,82,18,25,43,-10,29,4,UFA,6000000
8477498,22,CAN,7,Nurse,Darnell,D,EDM,44,5,6,11,0,33,0,RFA,832500
8478906,23,FIN,189,Nutivaara,Markus,D,CBJ,66,2,5,7,7,6,0,RFA,792500
8479423,19,CAN,8,Nylander,Alex,RW/LW,BUF,4,0,1,1,-2,0,0,RFA,925000
8477939,21,SWE,8,Nylander,William,C/RW,TOR,81,22,39,61,-3,32,2,RFA,925000
8474679,28,SWE,121,Nyquist,Gustav,RW/C/LW,DET,76,12,36,48,0,18,2,UFA,4250000
8477070,23,CAN,,O'Brien,Liam,C/LW,WSH,1,0,0,0,0,0,0,RFA,630000
8476303,24,USA,151,O'Gara,Rob,D,BOS,3,0,0,0,1,0,0,RFA,925000
8476982,23,USA,138,O'Regan,Daniel,C/LW,S.J,3,1,0,1,-2,0,0,RFA,792500
8471811,31,CAN,150,O'Reilly,Cal,C,BUF,11,0,1,1,-6,0,0,UFA,700000
8475158,26,CAN,33,O'Reilly,Ryan,C/LW/RW,BUF,72,20,35,55,-1,10,3,UFA,11000000
8469665,36,SWE,221,Oduya,Johnny,D,CHI/DAL,52,2,7,9,-4,18,0,UFA,3750000
8477851,25,USA,,Oesterle,Jordan,D,EDM,2,0,0,0,-1,0,0,UFA,585000
8473449,29,USA,7,Okposo,Kyle,RW,BUF,65,19,26,45,-7,24,2,UFA,8000000
8476467,25,CAN,14,Oleksiak,Jamie,D,DAL,41,5,2,7,-4,37,1,RFA,918750
8476162,31,USA,,Oleksy,Steve,D,PIT,11,0,1,1,2,24,0,UFA,575000
8477467,23,SWE,46,Olofsson,Gustav,D,MIN,13,0,3,3,-1,2,0,RFA,925000
8475200,26,RUS,55,Orlov,Dmitry,D,WSH,82,6,27,33,30,51,0,RFA,2570000
8468498,37,USA,18,Orpik,Brooks,D,WSH,79,0,14,14,32,48,0,UFA,5500000
8471698,31,USA,24,Oshie,T.J.,RW/C,WSH,68,33,23,56,28,36,4,UFA,4500000
8468505,35,CAN,25,Ott,Steve,C/LW,DET/MTL,53,3,4,7,-8,80,0,UFA,800000
8476443,24,FRA,48,Ouellet,Xavier,D,DET,66,3,9,12,2,51,0,RFA,715000
8471214,32,RUS,1,Ovechkin,Alex,LW/RW,WSH,82,33,36,69,6,50,7,UFA,10000000
8475175,26,SWE,10,Paajarvi,Magnus,LW,STL,32,8,5,13,9,6,3,RFA,700000
8474157,29,USA,22,Pacioretty,Max,LW,MTL,81,35,32,67,15,38,7,UFA,5000000
8476419,25,CAN,96,Pageau,Jean-Gabriel,C,OTT,82,12,21,33,13,24,2,RFA,1100000
8476336,26,FIN,184,Pakarinen,Iiro,RW,EDM,14,2,2,4,2,2,1,RFA,725000
8476292,26,CZE,208,Palat,Ondrej,LW,T.B,75,17,35,52,8,39,3,RFA,4000000
8475151,26,USA,26,Palmieri,Kyle,RW/C/LW,N.J,80,26,27,53,2,46,3,UFA,4500000
8478550,26,RUS,,Panarin,Artemi,LW/C,CHI,82,31,43,74,18,21,5,UFA,925000
8475209,26,SVK,52,Panik,Richard,RW/LW,CHI,82,22,22,44,14,58,5,RFA,875000
8476975,24,CAN,101,Paquette,Cedric,C/LW,T.B,58,4,6,10,-6,80,0,RFA,800000
8476892,24,CAN,86,Parayko,Colton,D,STL,81,4,31,35,7,32,2,RFA,925000
8471385,33,CAN,173,Pardy,Adam,D,NSH,4,0,0,0,-1,6,0,UFA,575000
8469707,34,CAN,264,Parenteau,PA,RW,N.J/NSH,67,13,15,28,-18,35,2,UFA,1250000
8470610,33,USA,17,Parise,Zach,LW,MIN,69,19,23,42,-3,30,4,UFA,9000000
8477956,21,CZE,25,Pastrnak,David,RW/LW,BOS,75,34,36,70,11,34,6,RFA,925000
8474688,27,USA,128,Pateryn,Greg,D,DAL/MTL,36,1,8,9,-1,10,0,UFA,750000
8477426,22,CAN,101,Paul,Nick,LW/C,OTT,1,0,0,0,-2,0,0,RFA,692500
8470794,33,USA,205,Pavelski,Joe,C/RW,S.J,81,29,39,68,11,34,7,UFA,6000000
8476871,25,CAN,30,Pearson,Tanner,LW,L.A,80,24,20,44,5,13,5,RFA,1550000
8476285,24,CAN,201,Peca,Matthew,C,T.B,10,1,1,2,-3,2,0,RFA,925000
8476917,23,CAN,65,Pelech,Adam,D,NYI,44,3,7,10,-5,6,0,RFA,925000
8477943,21,GBR,12,Perlini,Brendan,LW,ARI,57,14,7,21,-4,20,2,RFA,925000
8473618,29,CAN,177,Perreault,Mathieu,C/LW,WPG,65,13,32,45,-11,30,3,UFA,3000000
8474102,29,CAN,26,Perron,David,LW/RW,STL,82,18,28,46,-2,54,3,UFA,3750000
8470621,32,CAN,28,Perry,Corey,RW,ANA,82,19,34,53,2,76,3,UFA,10000000
8477488,23,USA,66,Pesce,Brett,D,CAR,82,2,18,20,23,20,0,RFA,792500
8477464,22,CAN,43,Petan,Nic,LW/C,WPG,54,1,12,13,-13,12,0,RFA,750000
8475755,25,CAN,36,Petrovic,Alex,D,FLA,49,1,13,14,-1,79,0,RFA,1200000
8473507,30,USA,45,Petry,Jeff,D,MTL,80,8,20,28,3,22,1,UFA,7000000
8470602,32,CAN,9,Phaneuf,Dion,D,OTT,81,9,21,30,-6,100,2,UFA,7500000
8476370,24,USA,129,Pietila,Blake,LW/C,N.J,10,0,1,1,-5,4,0,RFA,675000
8474565,27,CAN,4,Pietrangelo,Alex,D,STL,80,14,34,48,3,24,4,UFA,7000000
8475204,26,CAN,59,Pirri,Brandon,RW/LW/C,NYR,60,8,10,18,-8,25,3,RFA,1100000
8475752,26,USA,31,Pitlick,Tyler,RW/C,EDM,31,8,3,11,0,6,1,UFA,725000
8469521,35,CZE,71,Plekanec,Tomas,C,MTL,78,10,18,28,10,24,3,UFA,7000000
8478010,21,CAN,79,Point,Brayden,C,T.B,68,18,22,40,4,14,2,RFA,667500
8471392,31,CZE,180,Polak,Roman,D,TOR,75,4,7,11,10,65,1,UFA,2250000
8469506,35,USA,55,Pominville,Jason,RW,MIN,78,13,34,47,2,4,2,UFA,6250000
8471331,31,USA,119,Porter,Kevin,C,PIT,2,0,0,0,-1,0,0,UFA,575000
8474074,28,CAN,205,Postma,Paul,D,WPG,65,1,13,14,3,15,0,UFA,925000
8479249,23,USA,,Poturalski,Andrew,C,CAR,2,0,0,0,-3,0,0,RFA,792500
8471678,31,CAN,4,Pouliot,Benoit,LW,EDM,67,8,6,14,-5,34,1,UFA,4000000
8476884,23,CAN,8,Pouliot,Derrick,D,PIT,11,0,0,0,-4,4,0,RFA,832500
8476386,25,USA,61,Prince,Shane,LW/C,NYI,50,5,13,18,-9,18,2,RFA,800000
8475613,31,USA,,Prosser,Nate,D,MIN,39,2,5,7,0,12,0,UFA,650000
8474774,27,CAN,154,Prout,Dalton,D,CBJ/N.J,29,0,6,6,-1,44,0,UFA,1250000
8478500,20,RUS,7,Provorov,Ivan,D,PHI,82,6,24,30,-7,34,1,RFA,925000
8476477,24,CAN,24,Puempel,Matt,LW,NYR/OTT,40,6,3,9,-11,11,1,RFA,900000
8479344,19,FIN,4,Puljujarvi,Jesse,RW,EDM,28,1,7,8,5,10,0,RFA,925000
8475800,25,FIN,111,Pulkkinen,Teemu,LW,ARI/MIN,13,2,0,2,-2,6,0,RFA,812500
8477506,23,CAN,15,Pulock,Ryan,D,NYI,1,0,0,0,1,0,0,RFA,832500
8473962,32,CAN,,Purcell,Teddy,LW/RW,L.A,12,0,2,2,0,0,0,UFA,1600000
8471768,30,CAN,107,Pyatt,Tom,LW/C,OTT,82,9,14,23,9,16,1,UFA,800000
8475796,25,CAN,23,Pysyk,Mark,D,FLA,82,4,13,17,0,10,0,RFA,1250000
8477961,21,CAN,30,Quenneville,John,C,N.J,12,1,3,4,1,2,0,RFA,842500
8470724,32,CAN,132,Quincey,Kyle,D,CBJ/N.J,73,6,9,15,4,51,0,UFA,1250000
8476409,24,CAN,166,Quine,Alan,C,NYI,61,5,13,18,-2,8,1,RFA,575000
8471228,31,RUS,15,Radulov,Alex,RW,MTL,76,18,36,54,10,62,2,UFA,5750000
8477290,29,AUT,,Raffl,Michael,LW/C,PHI,52,8,3,11,-7,20,3,UFA,2350000
8476483,24,SWE,30,Rakell,Rickard,C/RW,ANA,71,33,18,51,10,12,10,UFA,3800000
8478420,21,FIN,10,Rantanen,Mikko,RW,COL,75,20,18,38,-25,22,2,RFA,925000
8476437,24,SWE,42,Rask,Victor,C,CAR,82,16,29,45,-10,16,3,UFA,4000000
8477929,27,SWE,,Rasmussen,Dennis,C,CHI,68,4,4,8,-4,12,0,RFA,575000
8476427,24,CAN,32,Rattie,Ty,RW,CAR/STL,9,0,2,2,-2,0,0,RFA,650000
8476415,25,USA,91,Rau,Kyle,C,FLA,24,2,1,3,-3,4,0,RFA,925000
8471664,32,CAN,51,Raymond,Mason,LW,ANA,4,0,0,0,-2,0,0,,
8476177,31,CAN,,Read,Matt,RW/LW,PHI,63,10,9,19,3,8,2,UFA,4000000
8471817,30,CAN,156,Reaves,Ryan,RW,STL,80,7,6,13,4,104,1,UFA,1125000
8474743,29,USA,184,Redmond,Zach,D,MTL,16,0,5,5,6,2,0,UFA,575000
8476422,24,USA,98,Reilly,Mike,D,MIN,17,1,0,1,1,2,0,RFA,925000
8477933,22,CAN,2,Reinhart,Sam,C,BUF,79,17,30,47,-11,8,3,RFA,925000
8477916,25,HRV,,Rendulic,Borna,RW/C,VAN,1,0,0,0,0,0,0,UFA,575000
8479252,23,CAN,,Renouf,Dan,D,DET,1,0,0,0,0,0,0,RFA,692500
8467371,37,CAN,45,Ribeiro,Mike,C,NSH,46,4,21,25,-5,14,0,UFA,3500000
8476911,24,CAN,71,Richard,Tanner,C,T.B,3,0,0,0,-2,2,0,RFA,575000
8470755,32,CAN,163,Richardson,Brad,RW/C,ARI,16,5,4,9,-1,15,0,UFA,2250000
8476356,24,DEU,114,Rieder,Tobias,RW/C,ARI,80,16,18,34,-8,6,1,RFA,2000000
8476853,23,CAN,5,Rielly,Morgan,D,TOR,76,6,21,27,-20,21,1,UFA,5000000
8477499,23,FIN,8,Ristolainen,Rasmus,D,BUF,79,6,39,45,-9,58,2,UFA,5400000
8476439,24,CAN,44,Ritchie,Brett,RW,DAL,78,16,8,24,11,38,2,RFA,875000
8477941,22,CAN,10,Ritchie,Nick,LW,ANA,77,14,14,28,4,62,3,RFA,925000
8477210,26,USA,,Robinson,Buddy,RW,OTT,4,0,0,0,0,2,0,UFA,750000
8475210,27,SWE,53,Rodin,Anton,RW,VAN,3,0,1,1,1,0,0,RFA,950000
8478542,24,CAN,,Rodrigues,Evan,LW/C,BUF,30,4,2,6,-7,4,0,RFA,842500
8479291,24,USA,,Rooney,Kevin,C,N.J,4,0,0,0,-3,4,0,RFA,625000
8478458,20,USA,25,Roslovic,Jack,C,WPG,1,0,0,0,-1,0,0,,
8474849,28,FRA,,Roussel,Antoine,LW,DAL,60,12,15,27,1,115,3,UFA,2200000
8477240,28,CAN,,Rowney,Carter,RW/C,PIT,27,3,4,7,2,4,1,UFA,575000
8465058,39,CZE,105,Rozsival,Michal,D,CHI,22,1,2,3,-3,14,1,UFA,600000
8477244,27,USA,,Ruhwedel,Chad,D,PIT,34,2,8,10,9,8,0,UFA,575000
8471729,30,CAN,67,Russell,Kris,D,EDM,68,1,12,13,5,23,1,UFA,3100000
8476418,24,USA,95,Russo,Robbie,D,DET,19,0,0,0,2,2,0,RFA,692500
8475810,25,USA,80,Rust,Bryan,RW,PIT,57,15,13,28,4,8,1,RFA,620000
8471676,30,USA,2,Ryan,Bobby,RW/LW,OTT,62,13,12,25,-3,24,0,UFA,7000000
8478585,31,USA,,Ryan,Derek,C,CAR,67,11,18,29,-8,22,3,UFA,600000
8476438,25,USA,43,Saad,Brandon,LW/RW,CBJ,82,24,29,53,23,8,4,UFA,5750000
8476447,24,FIN,52,Salomaki,Miikka,RW,NSH,5,0,0,0,-1,2,0,RFA,575000
8477482,23,USA,61,Sanford,Zach,LW,STL/WSH,39,4,4,8,2,10,2,RFA,875000
8477463,22,USA,42,Santini,Steven,D,N.J,38,2,5,7,-6,14,0,RFA,925000
8475233,27,CAN,94,Savard,David,D,CBJ,74,6,17,23,33,44,0,UFA,3500000
8474579,27,CHE,19,Sbisa,Luca,D,VAN,82,2,11,13,-1,40,1,UFA,3600000
8474618,27,CAN,55,Scandella,Marco,D,MIN,71,4,9,13,-2,25,0,UFA,3750000
8474098,28,CAN,112,Sceviour,Colton,C/RW,FLA,80,9,15,24,-16,25,1,UFA,950000
8477213,27,USA,,Schaller,Tim,C,BOS,59,7,7,14,-6,23,2,RFA,600000
8476460,24,CAN,7,Scheifele,Mark,C,WPG,79,32,50,82,18,38,5,UFA,5000000
8475170,26,CAN,5,Schenn,Brayden,C/LW,PHI,79,25,30,55,-13,38,7,UFA,6000000
8474568,28,CAN,5,Schenn,Luke,D,ARI,78,1,7,8,-9,85,0,UFA,1000000
8477957,22,RUS,26,Scherbak,Nikita,RW,MTL,3,1,0,1,1,0,0,RFA,925000
8473673,30,CAN,,Schlemko,David,D,S.J,62,2,16,18,4,14,1,UFA,2500000
8476877,24,USA,25,Schmaltz,Jordan,D,STL,9,0,2,2,0,4,0,RFA,925000
8477951,21,USA,20,Schmaltz,Nick,C/LW,CHI,61,6,22,28,10,6,0,RFA,925000
8477220,26,USA,,Schmidt,Nate,D,WSH,60,3,14,17,22,16,0,RFA,875000
8476766,27,USA,,Schneider,Cole,LW/RW,BUF,4,0,1,1,2,0,0,UFA,600000
8475147,27,USA,22,Schroeder,Jordan,C/RW,MIN,37,6,7,13,5,0,0,RFA,650000
8474602,27,CAN,43,Schultz,Justin,D,PIT,78,12,39,51,27,34,1,RFA,1400000
8468513,35,CAN,33,Schultz,Nick,D,PHI,28,0,4,4,1,10,0,UFA,2250000
8475768,25,CAN,14,Schwartz,Jaden,LW/C,STL,78,19,36,55,14,18,4,UFA,5250000
8470607,32,CAN,14,Seabrook,Brent,D,CHI,79,3,36,39,5,26,0,UFA,9000000
8467875,37,SWE,2,Sedin,Daniel,LW,VAN,82,15,29,44,-16,32,3,UFA,7000000
8467876,37,SWE,3,Sedin,Henrik,C,VAN,82,15,35,50,-27,28,4,UFA,7000000
8476310,24,CZE,158,Sedlak,Lukas,C/LW,CBJ,62,7,6,13,10,25,0,RFA,600000
8475794,25,CAN,2,Seguin,Tyler,C/RW,DAL,82,26,46,72,-15,22,4,UFA,6000000
8469619,36,DEU,172,Seidenberg,Dennis,D,NYI,73,5,17,22,25,32,0,UFA,1000000
8471284,31,SVK,71,Sekera,Andrej,D,EDM,80,8,27,35,14,18,1,UFA,6500000
8479410,19,RUS,9,Sergachev,Mikhail,D,MTL,4,0,0,0,1,0,0,RFA,925000
8473542,30,USA,85,Sestito,Tom,LW,PIT,13,0,2,2,0,48,0,UFA,575000
8471682,30,CAN,8,Setoguchi,Devin,RW,L.A,45,4,8,12,-5,14,0,UFA,575000
8476923,23,CAN,60,Severson,Damon,D,N.J,80,3,28,31,-31,58,1,RFA,600000
8475958,25,CAN,,Sgarbossa,Michael,C,ANA/FLA,38,2,7,9,-5,9,0,RFA,600000
8469544,36,CAN,95,Sharp,Patrick,LW/RW/C,DAL,48,8,10,18,-22,31,0,UFA,5000000
8474031,28,USA,14,Shattenkirk,Kevin,D,STL/WSH,80,13,43,56,-7,47,2,UFA,5200000
8476381,26,CAN,139,Shaw,Andrew,C/LW/RW,MTL,68,12,17,29,4,110,1,UFA,5500000
8476400,25,CAN,76,Shaw,Logan,C/RW,ANA,55,3,7,10,3,10,1,RFA,660000
8475772,26,CAN,21,Sheahan,Riley,C,DET,80,2,11,13,-29,14,0,RFA,2075000
8477839,25,USA,,Sheary,Conor,LW,PIT,61,23,30,53,24,22,6,RFA,667500
8477445,23,CAN,24,Shinkaruk,Hunter,C/LW,CGY,7,0,1,1,-3,2,0,RFA,832500
8476913,23,CAN,61,Shore,Devin,C,DAL,82,13,20,33,-4,14,0,RFA,867500
8475213,26,USA,44,Shore,Drew,C,VAN,14,0,2,2,-3,4,0,RFA,600000
8476406,25,USA,82,Shore,Nick,C,L.A,70,6,11,17,-2,20,1,RFA,600000
8476464,24,CAN,11,Siemens,Duncan,D,COL,3,0,0,0,-2,2,0,RFA,874125
8475164,27,SWE,39,Silfverberg,Jakob,RW/LW,ANA,79,23,26,49,10,20,5,UFA,3000000
8474190,29,CAN,61,Simmonds,Wayne,RW/LW,PHI,82,31,23,54,-18,122,4,UFA,4300000
8478866,23,CZE,137,Simon,Dominik,C,PIT,2,0,1,1,-1,0,0,RFA,667500
8476416,24,CAN,92,Simpson,Dillon,D,EDM,3,0,0,0,0,2,0,RFA,925000
8476925,24,CAN,50,Sissons,Colton,C,NSH,58,8,2,10,11,12,1,RFA,575000
8471681,30,USA,7,Skille,Jack,RW,VAN,55,5,4,9,0,12,0,UFA,700000
8475784,25,CAN,7,Skinner,Jeff,LW/C/RW,CAR,79,37,26,63,-3,28,4,UFA,6000000
8476869,23,USA,28,Skjei,Brady,D,NYR,80,5,34,39,11,42,0,RFA,925000
8476958,23,USA,120,Slavin,Jaccob,D,CAR,82,5,29,34,23,12,0,RFA,742500
8477415,23,RUS,88,Slepyshev,Anton,LW,EDM,41,4,6,10,5,4,0,RFA,925000
8474727,29,USA,169,Smith,Ben,RW/C,COL/TOR,40,2,2,4,-7,4,0,UFA,675000
8474090,28,CAN,27,Smith,Brendan,D,DET/NYR,51,3,6,9,1,63,1,UFA,3250000
8480083,23,USA,,Smith,C.J.,LW/RW,BUF,2,0,1,1,-1,0,0,,
8475225,28,USA,98,Smith,Craig,RW/LW/C,NSH,78,12,17,29,7,30,1,UFA,4000000
8476966,23,CAN,104,Smith,Gemel,C,DAL,17,3,3,6,-1,21,0,RFA,670000
8475191,26,CAN,69,Smith,Reilly,RW/C/LW,FLA,80,15,22,37,-13,17,3,UFA,3500000
8473942,32,CAN,,Smith,Trevor,C/RW,NSH,1,0,0,0,0,0,0,UFA,575000
8474250,29,CAN,79,Smith,Zack,C,OTT,74,16,16,32,6,61,1,UFA,2350000
8475758,25,CAN,42,Smith-Pelly,Devante,RW/C/LW,N.J,53,4,5,9,-19,12,0,RFA,1250000
8471743,30,CZE,106,Sobotka,Vladimir,LW/C,STL,1,1,0,1,0,0,0,UFA,2725000
8471262,32,SWE,49,Soderberg,Carl,C/LW,COL,80,6,8,14,-26,22,0,UFA,4750000
8475834,25,SWE,106,Sorensen,Marcus,RW/LW,S.J,19,1,3,4,-1,4,1,,
8477466,23,DNK,45,Sorensen,Nick,RW,ANA,5,0,1,1,-1,2,0,RFA,925000
8478373,24,RUS,,Soshnikov,Nikita,RW,TOR,56,5,4,9,1,16,0,RFA,742500
8478480,20,CAN,67,Speers,Blake,C,N.J,3,0,0,0,0,0,0,RFA,667500
8469455,34,CAN,2,Spezza,Jason,C,DAL,68,15,35,50,-18,29,4,UFA,7500000
8475727,25,CAN,45,Spooner,Ryan,C/LW,BOS,78,12,28,39,-8,14,3,RFA,1100000
8476450,24,CAN,55,Sproul,Ryan,D,DET,27,1,6,7,-8,6,0,RFA,600000
8474716,28,CAN,156,Spurgeon,Jared,D,MIN,76,10,28,38,33,20,2,UFA,4250000
8470595,33,CAN,2,Staal,Eric,C,MIN,82,28,37,65,17,34,8,UFA,3500000
8473533,29,CAN,2,Staal,Jordan,C/LW,CAR,75,16,29,45,-1,38,3,UFA,6000000
8471686,30,CAN,12,Staal,Marc,D,NYR,72,3,7,10,9,34,0,UFA,6000000
8471226,32,USA,13,Stafford,Drew,RW/LW,BOS/WPG,58,8,13,21,6,24,3,UFA,4350000
8470162,34,CAN,57,Stajan,Matt,C,CGY,81,6,17,23,3,40,3,UFA,3000000
8473537,31,SWE,161,Stalberg,Viktor,LW/RW,CAR/OTT,75,11,5,16,-9,41,2,UFA,1500000
8474564,27,CAN,1,Stamkos,Steven,C,T.B,17,9,11,20,3,14,1,UFA,9500000
8471669,32,USA,44,Stastny,Paul,C,STL,66,18,22,40,4,36,5,UFA,7000000
8479442,23,CAN,,Stecher,Troy,D,VAN,71,3,21,24,-16,25,0,RFA,925000
8470257,33,SWE,24,Steen,Alex,LW/C,STL,76,16,35,51,-2,53,2,UFA,6500000
8470740,34,USA,148,Stempniak,Lee,RW,CAR,82,16,24,40,2,32,2,UFA,2500000
8474613,27,USA,51,Stepan,Derek,C,NYR,81,17,38,55,19,16,2,UFA,8000000
8476905,23,CAN,77,Stephenson,Chandler,C,WSH,4,0,0,0,0,0,0,RFA,842500
8473485,30,CAN,18,Stewart,Chris,RW/LW,MIN,79,13,8,21,3,94,0,UFA,1200000
8476798,30,CAN,,Stollery,Karl,D,N.J,11,0,3,3,-5,13,0,UFA,575000
8475913,25,CAN,178,Stone,Mark,RW,OTT,71,22,32,54,12,25,5,RFA,3750000
8474628,27,CAN,69,Stone,Michael,D,ARI/CGY,64,3,12,15,0,32,0,UFA,4000000
8470886,32,CAN,79,Stoner,Clayton,D,ANA,14,1,2,3,0,28,0,UFA,3250000
8473565,29,USA,65,Strait,Brian,D,WPG,5,0,2,2,-1,0,0,UFA,600000
8471873,31,SWE,216,Stralman,Anton,D,T.B,73,5,17,22,1,20,0,UFA,4500000
8476043,30,CAN,,Street,Ben,C,DET,6,0,1,1,1,0,0,UFA,600000
8468309,40,CHE,262,Streit,Mark,D,PHI/PIT,68,6,21,27,-12,28,2,UFA,4000000
8478440,20,CAN,3,Strome,Dylan,C,ARI,7,0,1,1,-5,0,0,RFA,925000
8476458,24,CAN,5,Strome,Ryan,RW/C,NYI,69,13,17,30,-8,40,2,RFA,2000000
8470614,33,USA,21,Stuart,Mark,D,WPG,42,2,2,4,4,27,1,UFA,2700000
8474056,28,CAN,43,Subban,P.K.,D,NSH,66,10,30,40,-8,44,2,UFA,11000000
8476897,23,SWE,81,Sundqvist,Oskar,C,PIT,10,0,0,0,-4,2,0,RFA,792500
8477205,27,CZE,,Sustr,Andrej,D,T.B,80,3,11,14,-10,43,1,RFA,1600000
8470600,32,USA,7,Suter,Ryan,D,MIN,82,9,31,40,34,36,1,UFA,9000000
8474091,28,CAN,11,Sutter,Brandon,C,VAN,81,17,17,34,-20,12,1,UFA,4250000
8478431,21,RUS,19,Svechnikov,Evgeny,RW/LW,DET,2,0,0,0,0,0,0,RFA,925000
8479293,26,CAN,,Tanev,Brandon,LW/C/RW,WPG,51,2,2,4,-6,26,1,RFA,874125
8475690,28,CAN,,Tanev,Chris,D,VAN,53,2,8,10,3,14,1,UFA,3500000
8475765,26,RUS,16,Tarasenko,Vladimir,RW,STL,82,39,36,75,-1,12,8,UFA,8000000
8475193,27,SVK,60,Tatar,Tomas,LW/C/RW,DET,82,25,21,46,-8,26,5,RFA,2750000
8475166,27,CAN,1,Tavares,John,C,NYI,77,28,38,66,4,38,3,UFA,6000000
8476807,27,USA,,Tennyson,Matt,D,CAR,45,0,6,6,-13,6,0,UFA,675000
8476882,23,FIN,18,Teravainen,Teuvo,LW/C/RW,CAR,81,15,27,42,-6,16,2,RFA,832500
8474052,28,CAN,132,Terry,Chris,LW/RW,MTL,14,2,2,4,-1,4,0,UFA,600000
8477447,22,CAN,26,Theodore,Shea,D,ANA,34,2,7,9,-6,28,1,RFA,832500
8470775,33,USA,183,Thompson,Nate,C,ANA,30,1,1,2,4,14,0,UFA,1700000
8476200,29,USA,,Thompson,Paul,RW,FLA,21,0,3,3,-4,22,0,UFA,575000
8476526,24,CAN,96,Thomson,Ben,LW,N.J,3,0,0,0,-4,4,0,RFA,635000
8469501,34,CAN,50,Thorburn,Chris,RW/LW,WPG,64,3,1,4,-7,95,0,UFA,1200000
8466138,38,CAN,1,Thornton,Joe,C,S.J,79,7,43,50,7,51,0,UFA,6750000
8465978,40,CAN,190,Thornton,Shawn,LW,FLA,50,2,2,4,-7,67,0,,
8476919,23,CAN,55,Tierney,Chris,C,S.J,80,11,12,23,0,6,2,RFA,700000
8479314,20,USA,6,Tkachuk,Matthew,LW,CGY,76,13,35,48,14,105,2,RFA,925000
8473604,29,CAN,3,Toews,Jonathan,C,CHI,72,21,37,58,7,35,5,UFA,13800000
8475726,25,CAN,47,Toffoli,Tyler,C/RW/LW,L.A,63,16,18,34,6,22,2,RFA,3900000
8477566,22,RUS,,Tolchinsky,Sergey,LW,CAR,2,0,1,1,0,0,0,RFA,575000
8469547,34,CAN,98,Tootoo,Jordin,RW,CHI,50,2,1,3,-6,28,0,UFA,750000
8476389,24,USA,64,Trocheck,Vincent,C/RW,FLA,82,23,31,54,-13,43,2,UFA,3750000
8474130,28,USA,89,Tropp,Corey,RW/LW,ANA,1,0,0,0,-1,0,0,UFA,600000
8476885,23,USA,9,Trouba,Jacob,D,WPG,60,8,25,33,4,54,1,RFA,2500000
8477997,23,RUS,66,Tryamkin,Nikita,D,VAN,66,2,7,9,-7,64,0,RFA,925000
8477949,21,USA,18,Tuch,Alex,RW,MIN,6,0,0,0,-3,0,0,RFA,925000
8474068,28,CAN,3,Turris,Kyle,C,OTT,78,27,28,55,-3,47,6,UFA,4000000
8476391,25,USA,66,Tynan,T.J.,C/RW,CBJ,3,0,0,0,-1,0,0,UFA,600000
8469492,34,RUS,40,Tyutin,Fedor,D,COL,69,1,12,13,-25,38,0,UFA,2000000
8470105,34,CAN,6,Upshall,Scottie,RW/LW,STL,73,10,8,18,-1,45,1,UFA,900000
8474037,28,USA,2,van Riemsdyk,James,LW,TOR,82,29,33,62,-2,37,5,UFA,5000000
8477845,26,USA,,van Riemsdyk,Trevor,D,CHI,58,5,11,16,17,29,2,RFA,750000
8471762,30,USA,97,VandeVelde,Chris,C/LW,PHI,81,6,9,15,-5,16,0,UFA,725000
8470598,33,AUT,5,Vanek,Thomas,LW/RW,DET/FLA,68,17,31,48,-5,22,2,UFA,2600000
8475321,27,CAN,147,Varone,Phil,C,OTT,7,0,0,0,-3,2,0,UFA,700000
8475222,26,FIN,106,Vatanen,Sami,D,ANA,71,3,21,24,3,30,0,UFA,5000000
8478366,23,USA,,Vatrano,Frank,C/LW,BOS,44,10,8,18,-3,14,1,RFA,792500
8480087,24,USA,,Vecchione,Mike,C/RW,PHI,2,0,0,0,-1,0,0,RFA,925000
8468535,35,CAN,55,Vermette,Antoine,C/LW,ANA,72,9,19,28,-7,42,1,UFA,1750000
8477326,25,CHE,186,Vermin,Joel,RW,T.B,18,0,3,3,2,4,0,UFA,575000
8471346,31,CAN,134,Versteeg,Kris,RW/LW,CGY,69,15,22,37,-3,46,1,UFA,950000
8476918,24,USA,66,Vesey,Jimmy,LW,NYR,80,16,11,27,-13,26,6,RFA,925000
8475223,26,CAN,96,Vey,Linden,RW/C,CGY,4,0,0,0,-2,0,0,RFA,700000
8477937,21,CAN,6,Virtanen,Jake,RW,VAN,10,0,1,1,1,2,0,RFA,925000
8471709,30,CAN,35,Vlasic,Marc-Edouard,D,S.J,75,6,22,28,4,35,2,UFA,4250000
8474161,28,CZE,7,Voracek,Jakub,RW,PHI,82,20,41,61,-24,56,3,UFA,10000000
8477944,21,CZE,13,Vrana,Jakub,LW,WSH,21,3,3,6,2,2,2,RFA,925000
8468085,36,CZE,212,Vrbata,Radim,RW,ARI,81,20,35,55,-18,16,4,UFA,1000000
8475780,26,USA,122,Wagner,Chris,C/RW,ANA,43,6,1,7,2,6,0,UFA,625000
8478027,22,SWE,97,Wallmark,Lucas,C,CAR,8,0,2,2,1,2,0,RFA,675000
8468208,37,CAN,,Ward,Joel,RW/C,S.J,78,10,19,29,-2,30,2,UFA,3275000
8474660,27,USA,95,Warsofsky,David,D,PIT,7,0,1,1,-3,6,0,UFA,575000
8475766,25,USA,18,Watson,Austin,LW,NSH,77,5,12,17,14,99,0,RFA,575000
8475738,25,CAN,70,Weal,Jordan,C/LW,PHI,23,8,4,12,5,10,1,UFA,650000
8470642,32,CAN,49,Weber,Shea,D,MTL,78,17,25,42,20,38,4,UFA,12000000
8474134,29,CHE,73,Weber,Yannick,D,NSH,73,1,7,8,1,25,1,UFA,575000
8477346,23,CAN,206,Weegar,Mackenzie,D,FLA,3,0,0,0,0,4,0,RFA,705000
8474668,29,CAN,111,Weise,Dale,RW,PHI,64,8,7,15,1,39,2,UFA,2750000
8477505,23,SWE,14,Wennberg,Alex,C,CBJ,80,13,46,59,9,21,5,RFA,925000
8478460,20,USA,8,Werenski,Zach,D,CBJ,78,11,36,47,17,14,1,RFA,925000
8471218,31,USA,5,Wheeler,Blake,RW,WPG,82,26,48,74,6,47,4,UFA,5800000
8478400,20,USA,21,White,Colin,C/D,OTT,2,0,0,0,0,0,0,RFA,925000
8473466,29,CAN,66,White,Ryan,C,ARI/MIN,65,9,7,16,-16,84,1,UFA,1000000
8475227,27,USA,100,Wideman,Chris,D,OTT,76,5,12,17,7,46,1,UFA,800000
8469770,34,CAN,241,Wideman,Dennis,D,CGY,57,5,13,18,-6,32,1,UFA,6000000
8474605,27,CAN,42,Wiercioch,Patrick,D,COL,57,4,8,12,-18,23,0,RFA,800000
8468508,36,CAN,28,Williams,Justin,RW,WSH,80,24,24,48,14,50,4,UFA,3250000
8474569,28,USA,7,Wilson,Colin,LW/C,NSH,70,12,23,35,7,18,0,UFA,4000000
8476293,25,CAN,209,Wilson,Scott,LW/C,PIT,78,8,18,26,0,32,1,RFA,590000
8476880,23,CAN,16,Wilson,Tom,RW,WSH,82,7,12,19,9,133,0,RFA,1750000
8474739,29,USA,177,Wingels,Tommy,C/RW/LW,OTT/S.J,73,7,5,12,-11,27,2,UFA,2600000
8471476,32,CAN,265,Winnik,Daniel,LW/C,WSH,72,12,13,25,15,49,3,UFA,1800000
8474722,27,USA,160,Witkowski,Luke,D,T.B,34,0,4,4,-1,39,0,UFA,575000
8477425,22,USA,100,Wood,Miles,LW,N.J,60,8,9,17,-21,86,0,RFA,925000
8476452,24,CAN,57,Wotherspoon,Tyler,D,CGY,4,0,0,0,-2,0,0,RFA,625000
8476855,24,RUS,1,Yakupov,Nail,RW/LW,STL,40,3,6,9,-3,14,0,RFA,2500000
8471735,31,USA,105,Yandle,Keith,D,FLA,82,5,36,41,-6,39,0,UFA,7500000
8478401,20,CZE,6,Zacha,Pavel,C,N.J,70,8,16,24,-17,19,2,RFA,925000
8477507,22,RUS,16,Zadorov,Nikita,D,COL,56,0,10,10,-20,73,0,RFA,832500
8479458,26,RUS,,Zaitsev,Nikita,D,TOR,82,4,32,36,-22,38,0,RFA,925000
8471233,32,CAN,20,Zajac,Travis,C,N.J,80,14,31,45,-8,33,1,UFA,6500000
8477816,25,USA,,Zalewski,Michael,LW/C,VAN,1,0,0,0,-1,0,0,RFA,632500
8468083,37,SWE,210,Zetterberg,Henrik,LW/C,DET,82,17,51,68,15,22,0,UFA,7500000
8476459,24,SWE,6,Zibanejad,Mika,C/RW,NYR,56,14,23,37,9,16,2,RFA,3250000
8476158,30,CAN,,Zolnierczyk,Harry,LW,NSH,24,2,2,4,-2,10,0,UFA,575000
8475692,30,NOR,,Zuccarello,Mats,RW/C/LW,NYR,80,15,44,59,15,26,3,UFA,4500000
8475722,25,USA,59,Zucker,Jason,LW/RW,MIN,79,22,25,47,34,30,3,RFA,2000000
8477458,22,RUS,37,Zykov,Valentin,LW,CAR,2,1,0,1,1,0,0,RFA,727500
